-- phpMyAdmin SQL Dump
-- version 4.5.1
-- http://www.phpmyadmin.net
--
-- Host: 127.0.0.1
-- Generation Time: Sep 18, 2017 at 05:59 PM
-- Server version: 10.1.13-MariaDB
-- PHP Version: 5.5.35

SET SQL_MODE = "NO_AUTO_VALUE_ON_ZERO";
SET time_zone = "+00:00";


/*!40101 SET @OLD_CHARACTER_SET_CLIENT=@@CHARACTER_SET_CLIENT */;
/*!40101 SET @OLD_CHARACTER_SET_RESULTS=@@CHARACTER_SET_RESULTS */;
/*!40101 SET @OLD_COLLATION_CONNECTION=@@COLLATION_CONNECTION */;
/*!40101 SET NAMES utf8mb4 */;

--
-- Database: `satujutarumah`
--

-- --------------------------------------------------------

--
-- Table structure for table `akun`
--

CREATE TABLE `akun` (
  `username` varchar(50) NOT NULL,
  `password` varchar(20) NOT NULL,
  `idKota` varchar(5) NOT NULL
) ENGINE=InnoDB DEFAULT CHARSET=latin1;

--
-- Dumping data for table `akun`
--

INSERT INTO `akun` (`username`, `password`, `idKota`) VALUES
('01001', '01001', '01001'),
('01002', '01002', '01002'),
('01003', '01003', '01003'),
('01004', '01004', '01004'),
('01005', '01005', '01005'),
('01006', '01006', '01006'),
('01007', '01007', '01007'),
('01008', '01008', '01008'),
('01009', '01009', '01009'),
('01010', '01010', '01010'),
('01011', '01011', '01011'),
('01012', '01012', '01012'),
('01013', '01013', '01013'),
('01014', '01014', '01014'),
('01015', '01015', '01015'),
('01016', '01016', '01016'),
('01017', '01017', '01017'),
('01018', '01018', '01018'),
('01019', '01019', '01019'),
('01020', '01020', '01020'),
('01021', '01021', '01021'),
('01022', '01022', '01022'),
('01023', '01023', '01023'),
('02001', '02001', '02001'),
('02002', '02002', '02002'),
('02003', '02003', '02003'),
('02004', '02004', '02004'),
('02005', '02005', '02005'),
('02006', '02006', '02006'),
('02007', '02007', '02007'),
('02008', '02008', '02008'),
('02009', '02009', '02009'),
('02010', '02010', '02010'),
('02011', '02011', '02011'),
('02012', '02012', '02012'),
('02013', '02013', '02013'),
('02014', '02014', '02014'),
('02015', '02015', '02015'),
('02016', '02016', '02016'),
('02017', '02017', '02017'),
('02018', '02018', '02018'),
('02019', '02019', '02019'),
('02020', '02020', '02020'),
('02021', '02021', '02021'),
('02022', '02022', '02022'),
('02023', '02023', '02023'),
('02024', '02024', '02024'),
('02025', '02025', '02025'),
('02026', '02026', '02026'),
('02027', '02027', '02027'),
('02028', '02028', '02028'),
('02029', '02029', '02029'),
('02030', '02030', '02030'),
('02031', '02031', '02031'),
('02032', '02032', '02032'),
('02033', '02033', '02033'),
('03001', '03001', '03001'),
('03002', '03002', '03002'),
('03003', '03003', '03003'),
('03004', '03004', '03004'),
('03005', '03005', '03005'),
('03006', '03006', '03006'),
('03007', '03007', '03007'),
('03008', '03008', '03008'),
('03009', '03009', '03009'),
('03010', '03010', '03010'),
('03011', '03011', '03011'),
('03012', '03012', '03012'),
('03013', '03013', '03013'),
('03014', '03014', '03014'),
('03015', '03015', '03015'),
('03016', '03016', '03016'),
('03017', '03017', '03017'),
('03018', '03018', '03018'),
('03019', '03019', '03019'),
('04001', '04001', '04001'),
('04002', '04002', '04002'),
('04003', '04003', '04003'),
('04004', '04004', '04004'),
('04005', '04005', '04005'),
('04006', '04006', '04006'),
('04007', '04007', '04007'),
('04008', '04008', '04008'),
('04009', '04009', '04009'),
('04010', '04010', '04010'),
('04011', '04011', '04011'),
('04012', '04012', '04012'),
('05001', '05001', '05001'),
('05002', '05002', '05002'),
('05003', '05003', '05003'),
('05004', '05004', '05004'),
('05005', '05005', '05005'),
('05006', '05006', '05006'),
('05007', '05007', '05007'),
('05008', '05008', '05008'),
('05009', '05009', '05009'),
('05010', '05010', '05010'),
('05011', '05011', '05011'),
('06001', '06001', '06001'),
('06002', '06002', '06002'),
('06003', '06003', '06003'),
('06004', '06004', '06004'),
('06005', '06005', '06005'),
('06006', '06006', '06006'),
('06007', '06007', '06007'),
('06008', '06008', '06008'),
('06009', '06009', '06009'),
('06010', '06010', '06010'),
('06011', '06011', '06011'),
('06012', '06012', '06012'),
('06013', '06013', '06013'),
('06014', '06014', '06014'),
('06015', '06015', '06015'),
('06016', '06016', '06016'),
('06017', '06017', '06017'),
('07001', '07001', '07001'),
('07002', '07002', '07002'),
('07003', '07003', '07003'),
('07004', '07004', '07004'),
('07005', '07005', '07005'),
('07006', '07006', '07006'),
('07007', '07007', '07007'),
('07008', '07008', '07008'),
('07009', '07009', '07009'),
('07010', '07010', '07010'),
('08001', '08001', '08001'),
('08002', '08002', '08002'),
('08003', '08003', '08003'),
('08004', '08004', '08004'),
('08005', '08005', '08005'),
('08006', '08006', '08006'),
('08007', '08007', '08007'),
('08008', '08008', '08008'),
('08009', '08009', '08009'),
('08010', '08010', '08010'),
('08011', '08011', '08011'),
('08012', '08012', '08012'),
('08013', '08013', '08013'),
('08014', '08014', '08014'),
('08015', '08015', '08015'),
('09001', '09001', '09001'),
('09002', '09002', '09002'),
('09003', '09003', '09003'),
('09004', '09004', '09004'),
('09005', '09005', '09005'),
('09006', '09006', '09006'),
('09007', '09007', '09007'),
('10001', '10001', '10001'),
('10002', '10002', '10002'),
('10003', '10003', '10003'),
('10004', '10004', '10004'),
('10005', '10005', '10005'),
('10006', '10006', '10006'),
('10007', '10007', '10007'),
('11001', '11001', '11001'),
('11002', '11002', '11002'),
('11003', '11003', '11003'),
('11004', '11004', '11004'),
('11005', '11005', '11005'),
('11006', '11006', '11006'),
('12001', '12001', '12001'),
('12002', '12002', '12002'),
('12003', '12003', '12003'),
('12004', '12004', '12004'),
('12005', '12005', '12005'),
('12006', '12006', '12006'),
('12007', '12007', '12007'),
('12008', '12008', '12008'),
('12009', '12009', '12009'),
('12010', '12010', '12010'),
('12011', '12011', '12011'),
('12012', '12012', '12012'),
('12013', '12013', '12013'),
('12014', '12014', '12014'),
('12015', '12015', '12015'),
('12016', '12016', '12016'),
('12017', '12017', '12017'),
('12018', '12018', '12018'),
('12019', '12019', '12019'),
('12020', '12020', '12020'),
('12021', '12021', '12021'),
('12022', '12022', '12022'),
('12023', '12023', '12023'),
('12024', '12024', '12024'),
('12025', '12025', '12025'),
('12026', '12026', '12026'),
('12027', '12027', '12027'),
('13001', '13001', '13001'),
('13002', '13002', '13002'),
('13003', '13003', '13003'),
('13004', '13004', '13004'),
('13005', '13005', '13005'),
('13006', '13006', '13006'),
('13007', '13007', '13007'),
('13008', '13008', '13008'),
('13009', '13009', '13009'),
('13010', '13010', '13010'),
('13011', '13011', '13011'),
('13012', '13012', '13012'),
('13013', '13013', '13013'),
('13014', '13014', '13014'),
('13015', '13015', '13015'),
('13016', '13016', '13016'),
('13017', '13017', '13017'),
('13018', '13018', '13018'),
('13019', '13019', '13019'),
('13020', '13020', '13020'),
('13021', '13021', '13021'),
('13022', '13022', '13022'),
('13023', '13023', '13023'),
('13024', '13024', '13024'),
('13025', '13025', '13025'),
('13026', '13026', '13026'),
('13027', '13027', '13027'),
('13028', '13028', '13028'),
('13029', '13029', '13029'),
('13030', '13030', '13030'),
('13031', '13031', '13031'),
('13032', '13032', '13032'),
('13033', '13033', '13033'),
('13034', '13034', '13034'),
('13035', '13035', '13035'),
('14001', '14001', '14001'),
('14002', '14002', '14002'),
('14003', '14003', '14003'),
('14004', '14004', '14004'),
('14005', '14005', '14005'),
('14006', '14006', '14006'),
('14007', '14007', '14007'),
('14008', '14008', '14008'),
('15001', '15001', '15001'),
('15002', '15002', '15002'),
('15003', '15003', '15003'),
('15004', '15004', '15004'),
('15005', '15005', '15005'),
('15006', '15006', '15006'),
('15007', '15007', '15007'),
('15008', '15008', '15008'),
('15009', '15009', '15009'),
('15010', '15010', '15010'),
('15011', '15011', '15011'),
('15012', '15012', '15012'),
('15013', '15013', '15013'),
('15014', '15014', '15014'),
('15015', '15015', '15015'),
('15016', '15016', '15016'),
('15017', '15017', '15017'),
('15018', '15018', '15018'),
('15019', '15019', '15019'),
('15020', '15020', '15020'),
('15021', '15021', '15021'),
('15022', '15022', '15022'),
('15023', '15023', '15023'),
('15024', '15024', '15024'),
('15025', '15025', '15025'),
('15026', '15026', '15026'),
('15027', '15027', '15027'),
('15028', '15028', '15028'),
('15029', '15029', '15029'),
('15030', '15030', '15030'),
('15031', '15031', '15031'),
('15032', '15032', '15032'),
('15033', '15033', '15033'),
('15034', '15034', '15034'),
('15035', '15035', '15035'),
('15036', '15036', '15036'),
('15037', '15037', '15037'),
('15038', '15038', '15038'),
('16001', '16001', '16001'),
('16002', '16002', '16002'),
('16003', '16003', '16003'),
('16004', '16004', '16004'),
('16005', '16005', '16005'),
('17001', '17001', '17001'),
('17002', '17002', '17002'),
('17003', '17003', '17003'),
('17004', '17004', '17004'),
('17005', '17005', '17005'),
('17006', '17006', '17006'),
('17007', '17007', '17007'),
('17008', '17008', '17008'),
('17009', '17009', '17009'),
('17010', '17010', '17010'),
('18001', '18001', '18001'),
('18002', '18002', '18002'),
('18003', '18003', '18003'),
('18004', '18004', '18004'),
('18005', '18005', '18005'),
('18006', '18006', '18006'),
('18007', '18007', '18007'),
('18008', '18008', '18008'),
('18009', '18009', '18009'),
('18010', '18010', '18010'),
('19001', '19001', '19001'),
('19002', '19002', '19002'),
('19003', '19003', '19003'),
('19004', '19004', '19004'),
('19005', '19005', '19005'),
('19006', '19006', '19006'),
('19007', '19007', '19007'),
('19008', '19008', '19008'),
('19009', '19009', '19009'),
('19010', '19010', '19010'),
('19011', '19011', '19011'),
('19012', '19012', '19012'),
('19013', '19013', '19013'),
('19014', '19014', '19014'),
('19015', '19015', '19015'),
('19016', '19016', '19016'),
('19017', '19017', '19017'),
('19018', '19018', '19018'),
('19019', '19019', '19019'),
('19020', '19020', '19020'),
('19021', '19021', '19021'),
('19022', '19022', '19022'),
('20001', '20001', '20001'),
('20002', '20002', '20002'),
('20003', '20003', '20003'),
('20004', '20004', '20004'),
('20005', '20005', '20005'),
('20006', '20006', '20006'),
('20007', '20007', '20007'),
('20008', '20008', '20008'),
('20009', '20009', '20009'),
('20010', '20010', '20010'),
('20011', '20011', '20011'),
('20012', '20012', '20012'),
('20013', '20013', '20013'),
('20014', '20014', '20014'),
('21001', '21001', '21001'),
('21002', '21002', '21002'),
('21003', '21003', '21003'),
('21004', '21004', '21004'),
('21005', '21005', '21005'),
('21006', '21006', '21006'),
('21007', '21007', '21007'),
('21008', '21008', '21008'),
('21009', '21009', '21009'),
('21010', '21010', '21010'),
('21011', '21011', '21011'),
('21012', '21012', '21012'),
('21013', '21013', '21013'),
('21014', '21014', '21014'),
('22001', '22001', '22001'),
('22002', '22002', '22002'),
('22003', '22003', '22003'),
('22004', '22004', '22004'),
('22005', '22005', '22005'),
('22006', '22006', '22006'),
('22007', '22007', '22007'),
('22008', '22008', '22008'),
('22009', '22009', '22009'),
('22010', '22010', '22010'),
('22011', '22011', '22011'),
('22012', '22012', '22012'),
('22013', '22013', '22013'),
('23001', '23001', '23001'),
('23002', '23002', '23002'),
('23003', '23003', '23003'),
('23004', '23004', '23004'),
('23005', '23005', '23005'),
('23006', '23006', '23006'),
('23007', '23007', '23007'),
('23008', '23008', '23008'),
('23009', '23009', '23009'),
('23010', '23010', '23010'),
('24001', '24001', '24001'),
('24002', '24002', '24002'),
('24003', '24003', '24003'),
('24004', '24004', '24004'),
('24005', '24005', '24005'),
('25001', '25001', '25001'),
('25002', '25002', '25002'),
('25003', '25003', '25003'),
('25004', '25004', '25004'),
('25005', '25005', '25005'),
('25006', '25006', '25006'),
('25007', '25007', '25007'),
('25008', '25008', '25008'),
('25009', '25009', '25009'),
('25010', '25010', '25010'),
('25011', '25011', '25011'),
('25012', '25012', '25012'),
('25013', '25013', '25013'),
('25014', '25014', '25014'),
('25015', '25015', '25015'),
('26001', '26001', '26001'),
('26002', '26002', '26002'),
('26003', '26003', '26003'),
('26004', '26004', '26004'),
('26005', '26005', '26005'),
('26006', '26006', '26006'),
('26007', '26007', '26007'),
('26008', '26008', '26008'),
('26009', '26009', '26009'),
('26010', '26010', '26010'),
('26011', '26011', '26011'),
('26012', '26012', '26012'),
('26013', '26013', '26013'),
('27001', '27001', '27001'),
('27002', '27002', '27002'),
('27003', '27003', '27003'),
('27004', '27004', '27004'),
('27005', '27005', '27005'),
('27006', '27006', '27006'),
('27007', '27007', '27007'),
('27008', '27008', '27008'),
('27009', '27009', '27009'),
('27010', '27010', '27010'),
('27011', '27011', '27011'),
('27012', '27012', '27012'),
('27013', '27013', '27013'),
('27014', '27014', '27014'),
('27015', '27015', '27015'),
('27016', '27016', '27016'),
('27017', '27017', '27017'),
('27018', '27018', '27018'),
('27019', '27019', '27019'),
('27020', '27020', '27020'),
('27021', '27021', '27021'),
('27022', '27022', '27022'),
('27023', '27023', '27023'),
('27024', '27024', '27024'),
('28001', '28001', '28001'),
('28002', '28002', '28002'),
('28003', '28003', '28003'),
('28004', '28004', '28004'),
('28005', '28005', '28005'),
('28006', '28006', '28006'),
('28007', '28007', '28007'),
('28008', '28008', '28008'),
('28009', '28009', '28009'),
('28010', '28010', '28010'),
('28011', '28011', '28011'),
('28012', '28012', '28012'),
('28013', '28013', '28013'),
('28014', '28014', '28014'),
('28015', '28015', '28015'),
('28016', '28016', '28016'),
('28017', '28017', '28017'),
('29001', '29001', '29001'),
('29002', '29002', '29002'),
('29003', '29003', '29003'),
('29004', '29004', '29004'),
('29005', '29005', '29005'),
('29006', '29006', '29006'),
('30001', '30001', '30001'),
('30002', '30002', '30002'),
('30003', '30003', '30003'),
('30004', '30004', '30004'),
('30005', '30005', '30005'),
('30006', '30006', '30006'),
('31001', '31001', '31001'),
('31002', '31002', '31002'),
('31003', '31003', '31003'),
('31004', '31004', '31004'),
('31005', '31005', '31005'),
('31006', '31006', '31006'),
('31007', '31007', '31007'),
('31008', '31008', '31008'),
('31009', '31009', '31009'),
('31010', '31010', '31010'),
('31011', '31011', '31011'),
('32001', '32001', '32001'),
('32002', '32002', '32002'),
('32003', '32003', '32003'),
('32004', '32004', '32004'),
('32005', '32005', '32005'),
('32006', '32006', '32006'),
('32007', '32007', '32007'),
('32008', '32008', '32008'),
('32009', '32009', '32009'),
('32010', '32010', '32010'),
('33001', '33001', '33001'),
('33002', '33002', '33002'),
('33003', '33003', '33003'),
('33004', '33004', '33004'),
('33005', '33005', '33005'),
('33006', '33006', '33006'),
('33007', '33007', '33007'),
('33008', '33008', '33008'),
('33009', '33009', '33009'),
('33010', '33010', '33010'),
('33011', '33011', '33011'),
('33012', '33012', '33012'),
('33013', '33013', '33013'),
('33014', '33014', '33014'),
('33015', '33015', '33015'),
('33016', '33016', '33016'),
('33017', '33017', '33017'),
('33018', '33018', '33018'),
('33019', '33019', '33019'),
('33020', '33020', '33020'),
('33021', '33021', '33021'),
('33022', '33022', '33022'),
('33023', '33023', '33023'),
('33024', '33024', '33024'),
('33025', '33025', '33025'),
('33026', '33026', '33026'),
('33027', '33027', '33027'),
('33028', '33028', '33028'),
('33029', '33029', '33029'),
('34001', '34001', '34001'),
('34002', '34002', '34002'),
('34003', '34003', '34003'),
('34004', '34004', '34004'),
('34005', '34005', '34005'),
('34006', '34006', '34006'),
('34007', '34007', '34007'),
('34008', '34008', '34008'),
('34009', '34009', '34009'),
('34010', '34010', '34010'),
('34011', '34011', '34011'),
('34012', '34012', '34012'),
('34013', '34013', '34013');

-- --------------------------------------------------------

--
-- Table structure for table `detail_mbr`
--

CREATE TABLE `detail_mbr` (
  `idKota` varchar(5) NOT NULL,
  `pengembang` int(11) DEFAULT NULL,
  `imb` int(11) DEFAULT NULL,
  `masy` int(11) DEFAULT NULL,
  `csr` int(11) DEFAULT NULL,
  `pupr` int(11) DEFAULT NULL,
  `dak_pupr_pb` int(11) DEFAULT NULL,
  `dak_pupr_pk` int(11) DEFAULT NULL,
  `rusunawa_pemda` int(11) DEFAULT NULL,
  `bsps_pemda_pb` int(11) DEFAULT NULL,
  `bsps_pemda_pk` int(11) DEFAULT NULL,
  `rutilahu_kemensos` int(11) DEFAULT NULL
) ENGINE=InnoDB DEFAULT CHARSET=latin1;

--
-- Dumping data for table `detail_mbr`
--

INSERT INTO `detail_mbr` (`idKota`, `pengembang`, `imb`, `masy`, `csr`, `pupr`, `dak_pupr_pb`, `dak_pupr_pk`, `rusunawa_pemda`, `bsps_pemda_pb`, `bsps_pemda_pk`, `rutilahu_kemensos`) VALUES
('01001', 0, 0, 26, NULL, 323, 0, 0, 0, 379, 0, 0),
('01002', 13, 0, 1, NULL, 40, 0, 272, 0, 535, 272, 0),
('01003', 875, 0, 1276, NULL, 389, 0, 105, 0, 6, 4, 0),
('01004', 0, 0, 14, NULL, 182, 0, 0, 0, 192, 182, 0),
('01005', 463, 0, 79, NULL, 304, 66, 251, 0, 58, 0, 0),
('01006', 24, 0, 0, NULL, 276, 0, 0, 0, 1127, 153, 0),
('01007', 249, 0, 7, NULL, 0, 0, 0, 0, 167, 0, 0),
('01008', 0, 0, 9, NULL, 0, 0, 386, 0, 128, 386, 0),
('01009', 32, 0, 0, NULL, 522, 0, 0, 0, 133, 0, 0),
('01010', 17, 0, 4, NULL, 285, 0, 0, 0, 215, 0, 0),
('01011', 93, 0, 4, NULL, 0, 0, 0, 0, 62, 0, 0),
('01012', 40, 0, 48, NULL, 0, 0, 0, 0, 92, 0, 0),
('01013', 0, 0, 11, NULL, 339, 0, 0, 0, 251, 367, 0),
('01014', 282, 0, 97, NULL, 50, 0, 460, 0, 157, 0, 0),
('01015', 0, 0, 0, NULL, 0, 0, 0, 0, 40, 0, 0),
('01016', 5, 0, 0, NULL, 0, 0, 0, 0, 218, 0, 0),
('01017', 79, 0, 50, NULL, 41, 0, 0, 0, 1500, 0, 0),
('01018', 0, 0, 0, NULL, 1, 50, 376, 0, 86, 426, 0),
('01019', 19, 0, 21, NULL, 0, 0, 0, 0, 201, 0, 0),
('01020', 0, 0, 29, NULL, 0, 0, 485, 0, 73, 485, 0),
('01021', 52, 0, 12, NULL, 210, 0, 0, 0, 302, 0, 0),
('01022', 6, 0, 0, NULL, 0, 0, 0, 0, 223, 0, 0),
('01023', 0, 0, 0, NULL, 0, 0, 0, 0, 133, 0, 0),
('02001', 167, 0, 434, NULL, 247, 0, 0, 0, 0, 0, 0),
('02002', 0, 0, 19, NULL, 191, 0, 0, 0, 0, 10, 20),
('02003', 45, 36, 0, NULL, 323, 0, 663, 0, 0, 293, 0),
('02004', 1073, 2415, 753, NULL, 72, 0, 109, 0, 0, 115, 0),
('02005', 0, 0, 0, NULL, 333, 0, 0, 0, 0, 50, 0),
('02006', 0, 0, 10, NULL, 0, 0, 0, 0, 0, 0, 0),
('02007', 50, 0, 72, NULL, 222, 0, 0, 0, 0, 0, 0),
('02008', 14, 0, 83, NULL, 0, 0, 0, 0, 0, 25, 25),
('02009', 36, 0, 2, NULL, 0, 0, 0, 0, 0, 0, 0),
('02010', 2, 0, 56, NULL, 0, 0, 0, 0, 0, 100, 0),
('02011', 0, 0, 0, NULL, 276, 0, 0, 0, 0, 0, 0),
('02012', 0, 0, 0, NULL, 0, 0, 0, 0, 0, 0, 0),
('02013', 0, 0, 0, NULL, 0, 0, 0, 0, 0, 0, 0),
('02014', 0, 0, 0, NULL, 0, 0, 0, 0, 0, 0, 0),
('02015', 0, 0, 0, NULL, 50, 0, 0, 0, 0, 0, 0),
('02016', 7, 0, 18, NULL, 0, 0, 0, 0, 0, 60, 0),
('02017', 0, 0, 0, NULL, 0, 0, 0, 0, 0, 0, 0),
('02018', 0, 0, 0, NULL, 0, 0, 0, 0, 0, 0, 0),
('02019', 0, 0, 0, NULL, 149, 0, 0, 0, 0, 0, 0),
('02020', 100, 0, 10, NULL, 0, 0, 82, 0, 0, 0, 0),
('02021', 21, 0, 132, NULL, 311, 0, 0, 0, 0, 0, 0),
('02022', 0, 0, 45, NULL, 0, 0, 0, 0, 0, 0, 30),
('02023', 26, 0, 66, NULL, 127, 0, 0, 0, 0, 0, 0),
('02024', 0, 0, 0, NULL, 197, 0, 0, 0, 0, 100, 0),
('02025', 0, 0, 17, NULL, 197, 0, 0, 0, 0, 0, 0),
('02026', 0, 0, 54, NULL, 0, 0, 0, 0, 0, 0, 0),
('02027', 0, 0, 0, NULL, 0, 0, 0, 0, 6, 4, 0),
('02028', 1540, 0, 41, NULL, 269, 0, 185, 0, 0, 0, 0),
('02029', 0, 0, 9, NULL, 0, 0, 0, 0, 0, 0, 0),
('02030', 0, 0, 19, NULL, 0, 0, 0, 0, 0, 25, 0),
('02031', 0, 0, 0, NULL, 0, 0, 0, 0, 0, 0, 0),
('02032', 57, 0, 160, NULL, 0, 0, 455, 0, 0, 80, 0),
('02033', 7, 0, 34, NULL, 0, 0, 542, 0, 0, 0, 0),
('03001', 396, 1, 98, NULL, 558, 0, 0, 0, 0, 330, 0),
('03002', 7, 0, 1, NULL, 0, 106, 129, 0, 0, 0, 25),
('03003', 0, 0, 0, NULL, 0, 0, 0, 0, 0, 11, 0),
('03004', 161, 0, 3, NULL, 0, 30, 227, 0, 0, 50, 0),
('03005', 28, 0, 88, NULL, 50, 30, 310, 0, 35, 300, 0),
('03006', 30, 0, 0, NULL, 31, 0, 0, 0, 24, 58, 0),
('03007', 0, 0, 1, NULL, 0, 0, 0, 0, 0, 0, 0),
('03008', 100, 0, 20, NULL, 345, 0, 0, 0, 0, 0, 0),
('03009', 232, 0, 116, NULL, 438, 0, 0, 0, 0, 0, 0),
('03010', 0, 0, 0, NULL, 462, 0, 0, 0, 0, 0, 20),
('03011', 37, 0, 0, NULL, 259, 0, 131, 0, 0, 0, 0),
('03012', 225, 0, 103, NULL, 174, 0, 513, 0, 1, 513, 0),
('03013', 7, 0, 43, NULL, 250, 0, 0, 0, 0, 0, 0),
('03014', 170, 0, 172, NULL, 300, 0, 0, 0, 0, 99, 0),
('03015', 162, 0, 98, NULL, 110, 0, 0, 0, 0, 35, 0),
('03016', 150, 0, 88, NULL, 390, 0, 0, 0, 0, 0, 0),
('03017', 349, 0, 149, NULL, 300, 0, 0, 0, 105, 151, 0),
('03018', 153, 0, 69, NULL, 230, 0, 0, 0, 0, 0, 0),
('03019', 2, 0, 47, NULL, 270, 0, 0, 0, 0, 0, 0),
('04001', 1513, 4760, 227, NULL, 160, 0, 222, 0, 0, 222, 0),
('04002', 19, 95, 67, NULL, 257, 50, 150, 0, 60, 150, 0),
('04003', 58, 0, 106, NULL, 0, 0, 0, 0, 16, 0, 0),
('04004', 0, 501, 27, NULL, 215, 0, 0, 0, 0, 11, 0),
('04005', 0, 0, 0, NULL, 279, 0, 0, 0, 0, 0, 0),
('04006', 1811, 5185, 977, NULL, 200, 0, 0, 0, 30, 50, 15),
('04007', 0, 0, 0, NULL, 205, 0, 0, 0, 0, 0, 0),
('04008', 90, 0, 88, NULL, 233, 0, 0, 0, 0, 100, 0),
('04009', 11, 576, 0, NULL, 200, 0, 0, 0, 42, 0, 0),
('04010', 0, 0, 9, NULL, 192, 0, 0, 0, 57, 0, 0),
('04011', 78, 53, 150, NULL, 260, 0, 0, 0, 166, 216, 0),
('04012', 21, 0, 0, NULL, 373, 0, 158, 0, 13, 158, 0),
('05001', 0, 0, 0, NULL, 233, 0, 0, 0, 0, 0, 0),
('05002', 16, 0, 119, NULL, 262, 0, 0, 0, 52, 3, 0),
('05003', 0, 99, 126, NULL, 63, 0, 0, 0, 0, 0, 0),
('05004', 0, 1411, 7, NULL, 292, 0, 0, 0, 0, 230, 0),
('05005', 2, 30, 45, NULL, 251, 0, 0, 0, 0, 428, 0),
('05006', 302, 49, 288, NULL, 238, 0, 0, 0, 0, 238, 0),
('05007', 48, 0, 6, NULL, 273, 0, 0, 0, 0, 0, 0),
('05008', 0, 0, 0, NULL, 300, 0, 0, 0, 0, 250, 0),
('05009', 4, 199, 26, NULL, 330, 0, 0, 0, 0, 0, 0),
('05010', 155, 709, 286, NULL, 269, 0, 0, 0, 0, 0, 0),
('05011', 0, 0, 0, NULL, 214, 0, 0, 0, 0, 214, 0),
('06001', 52, 0, 71, NULL, 0, 0, 0, 0, 0, 10, 0),
('06002', 12, 0, 0, NULL, 334, 0, 0, 0, 0, 0, 0),
('06003', 0, 0, 31, NULL, 345, 0, 0, 0, 0, 0, 0),
('06004', 85, 0, 2, NULL, 18, 0, 0, 0, 0, 0, 0),
('06005', 15, 0, 1, NULL, 383, 0, 787, 0, 0, 0, 0),
('06006', 10, 0, 64, NULL, 0, 0, 0, 0, 0, 50, 0),
('06007', 0, 0, 0, NULL, 350, 0, 0, 0, 0, 0, 0),
('06008', 16, 0, 84, NULL, 0, 0, 0, 0, 0, 0, 0),
('06009', 183, 0, 368, NULL, 454, 0, 0, 0, 0, 0, 0),
('06010', 18, 0, 54, NULL, 0, 0, 0, 0, 0, 0, 0),
('06011', 1, 0, 0, NULL, 300, 0, 0, 0, 0, 0, 30),
('06012', 689, 0, 521, NULL, 20, 0, 628, 0, 0, 560, 0),
('06013', 1, 0, 0, NULL, 344, 0, 105, 0, 0, 0, 0),
('06014', 88, 0, 106, NULL, 0, 0, 408, 0, 0, 408, 0),
('06015', 13, 0, 118, NULL, 366, 0, 0, 0, 0, 50, 0),
('06016', 0, 0, 0, NULL, 350, 0, 0, 0, 0, 50, 0),
('06017', 0, 0, 0, NULL, 0, 0, 0, 0, 0, 14, 0),
('07001', 553, 0, 412, NULL, 0, 0, 0, 0, 0, 0, 0),
('07002', 100, 0, 38, NULL, 228, 0, 803, 0, 0, 0, 0),
('07003', 69, 70, 46, NULL, 323, 0, 0, 0, 35, 2017, 0),
('07004', 83, 88, 7, NULL, 381, 0, 0, 0, 0, 0, 20),
('07005', 0, 0, 0, NULL, 188, 0, 0, 0, 0, 40, 0),
('07006', 68, 409, 11, NULL, 202, 0, 0, 0, 0, 0, 0),
('07007', 24, 45, 0, NULL, 250, 0, 0, 0, 209, 918, 0),
('07008', 0, 0, 24, NULL, 245, 0, 0, 0, 0, 0, 0),
('07009', 294, 0, 42, NULL, 232, 0, 502, 0, 0, 502, 0),
('07010', 0, 0, 13, NULL, 225, 0, 0, 0, 0, 0, 0),
('08001', 0, 0, 0, NULL, 0, 50, 267, 0, 0, 0, 0),
('08002', 0, 0, 15, NULL, 0, 0, 0, 0, 0, 0, 0),
('08003', 3768, 307, 614, NULL, 372, 0, 0, 0, 0, 13, 0),
('08004', 0, 0, 0, NULL, 16, 0, 0, 0, 0, 0, 0),
('08005', 301, 43, 60, NULL, 0, 0, 0, 0, 1, 10, 0),
('08006', 83, 0, 73, NULL, 513, 0, 478, 0, 0, 100, 0),
('08007', 0, 0, 1, NULL, 219, 0, 0, 0, 0, 0, 0),
('08008', 0, 1, 0, NULL, 0, 0, 0, 0, 0, 0, 0),
('08009', 960, 0, 112, NULL, 464, 0, 0, 0, 0, 160, 20),
('08010', 500, 47, 22, NULL, 397, 0, 356, 0, 0, 356, 30),
('08011', 0, 0, 0, NULL, 540, 0, 0, 0, 0, 0, 25),
('08012', 0, 0, 29, NULL, 404, 0, 0, 0, 0, 0, 0),
('08013', 0, 0, 22, NULL, 314, 0, 385, 0, 0, 0, 0),
('08014', 2197, 0, 238, NULL, 202, 0, 0, 0, 0, 0, 0),
('08015', 178, 0, 226, NULL, 0, 0, 366, 0, 0, 366, 0),
('09001', 367, 0, 330, NULL, 365, 81, 0, 0, 0, 468, 30),
('09002', 28, 0, 0, NULL, 341, 0, 0, 0, 0, 25, 0),
('09003', 326, 0, 88, NULL, 201, 0, 0, 0, 48, 0, 0),
('09004', 100, 0, 0, NULL, 302, 0, 0, 0, 0, 0, 25),
('09005', 58, 0, 14, NULL, 134, 0, 0, 0, 176, 0, 0),
('09006', 5, 40, 25, NULL, 288, 0, 0, 0, 56, 362, 0),
('09007', 1739, 0, 211, NULL, 0, 0, 0, 0, 0, 0, 0),
('10001', 143, 0, 113, NULL, 95, 10, 544, 0, 10, 544, 20),
('10002', 0, 0, 36, NULL, 506, 0, 0, 0, 0, 500, 0),
('10003', 0, 0, 0, NULL, 0, 0, 0, 0, 0, 0, 0),
('10004', 0, 0, 0, NULL, 134, 0, 0, 0, 0, 0, 0),
('10005', 0, 0, 0, NULL, 16, 82, 275, 0, 82, 275, 20),
('10006', 95, 0, 141, NULL, 571, 0, 478, 0, 0, 0, 0),
('10007', 1277, 0, 222, NULL, 0, 0, 0, 0, 0, 0, 0),
('11001', 0, 0, 0, NULL, 0, 0, 0, 0, 0, 0, 0),
('11002', 0, 0, 0, NULL, NULL, NULL, NULL, 1678, NULL, NULL, 0),
('11003', 0, 0, 0, NULL, 31, 0, 0, 4272, 0, 0, 0),
('11004', 0, 0, 0, NULL, 0, 0, 0, 5679, 0, 0, 0),
('11005', 0, 0, 120, NULL, 7255, 0, 0, 0, 0, 0, 0),
('11006', 0, 0, 0, NULL, 0, 0, 0, 0, 8479, 0, 0),
('12001', 210, 0, 3051, NULL, 262, 0, 0, 0, 0, 0, 0),
('12002', 44, 0, 686, NULL, 324, 0, 0, 0, 0, 0, 0),
('12003', 213, 0, 213, NULL, 310, 0, 0, 0, 0, 0, 25),
('12004', 1568, 0, 468, NULL, 325, 0, 529, 0, 901, 1035, 0),
('12005', 281, 0, 294, NULL, 793, 0, 588, 0, 205, 1004, 0),
('12006', 673, 0, 554, NULL, 448, 0, 460, 0, 0, 0, 0),
('12007', 5, 0, 111, NULL, 632, 0, 0, 0, 0, 0, 0),
('12008', 164, 0, 108, NULL, 482, 0, 0, 0, 0, 0, 25),
('12009', 530, 0, 1098, NULL, 100, 0, 0, 0, 0, 299, 20),
('12010', 155, 0, 42, NULL, 331, 0, 475, 0, 0, 575, 0),
('12011', 179, 0, 263, NULL, 341, 0, 460, 0, 0, 0, 0),
('12012', 65, 0, 184, NULL, 444, 0, 0, 0, 0, 0, 20),
('12013', 268, 0, 209, NULL, 339, 0, 0, 0, 0, 0, 0),
('12014', 134, 0, 179, NULL, 248, 0, 0, 0, 0, 0, 0),
('12015', 958, 0, 2614, NULL, 0, 0, 0, 0, 1300, 0, 50),
('12016', 4950, 0, 8744, NULL, 0, 0, 0, 0, 0, 0, 0),
('12017', 146, 0, 350, NULL, 331, 0, 0, 0, 410, 8898, 0),
('12018', 0, 0, 0, NULL, 74, 0, 0, 0, 0, 0, 0),
('12019', 0, 0, 0, NULL, 100, 0, 0, 0, 0, 0, 20),
('12020', 0, 0, 0, NULL, 100, 0, 0, 0, 0, 0, 0),
('12021', 0, 0, 0, NULL, 0, 0, 0, 0, 0, 0, 0),
('12022', 0, 0, 0, NULL, 0, 0, 0, 0, 0, 0, 0),
('12023', 0, 0, 0, NULL, 38, 0, 0, 0, 0, 0, 0),
('12024', 0, 0, 0, NULL, 200, 0, 0, 0, 0, 0, 0),
('12025', 0, 0, 0, NULL, 329, 0, 0, 0, 0, 0, 0),
('12026', 0, 0, 162, NULL, 0, 0, 0, 0, 0, 0, 0),
('12027', 0, 0, 151, NULL, 359, 0, 0, 0, 0, 0, 0),
('13001', 81, 0, 17, NULL, 382, 0, 400, 0, 0, 21000, 35),
('13002', 33, 0, 81, NULL, 302, 0, 0, 0, 15, 1500, 0),
('13003', 5, 159, 9, NULL, 0, 0, 0, 0, 0, 1760, 0),
('13004', 0, 0, 16, NULL, 214, 0, 577, 0, 0, 670, 0),
('13005', 0, 0, 26, NULL, 345, 0, 453, 0, 0, 2300, 0),
('13006', 0, 0, 25, NULL, 270, 0, 0, 0, 0, 1000, 0),
('13007', 0, 1, 3, NULL, 334, 0, 0, 0, 0, 0, 30),
('13008', 160, 0, 14, NULL, 521, 0, 455, 0, 0, 2985, 0),
('13009', 0, 0, 25, NULL, 254, 0, 0, 0, 0, 870, 15),
('13010', 2, 0, 6, NULL, 150, 0, 0, 0, 0, 0, 0),
('13011', 3, 0, 12, NULL, 258, 0, 408, 0, 0, 0, 0),
('13012', 81, 0, 86, NULL, 224, 0, 346, 0, 0, 432, 20),
('13013', 22, 0, 96, NULL, 0, 0, 0, 0, 0, 320, 0),
('13014', 0, 0, 37, NULL, 551, 0, 0, 0, 0, 20, 0),
('13015', 11, 62, 5, NULL, 0, 0, 0, 0, 0, 140, 0),
('13016', 0, 2, 0, NULL, 0, 0, 0, 0, 0, 0, 0),
('13017', 74, 1, 19, NULL, 0, 0, 0, 0, 0, 791, 0),
('13018', 8, 0, 13, NULL, 203, 0, 431, 0, 20, 21, 0),
('13019', 12, 0, 6, NULL, 0, 0, 85, 0, 0, 85, 0),
('13020', 200, 0, 76, NULL, 310, 0, 0, 0, 0, 1671, 0),
('13021', 102, 1, 76, NULL, 0, 0, 0, 0, 0, 112, 0),
('13022', 10, 0, 63, NULL, 647, 0, 0, 0, 179, 468, 0),
('13023', 2, 0, 14, 18, 335, 0, 0, 0, 0, 749, 0),
('13024', 1647, 0, 419, NULL, 0, 0, 0, 0, 0, 1580, 0),
('13025', 34, 0, 359, NULL, 0, 0, 0, 0, 0, 0, 0),
('13026', 18, 0, 121, NULL, 0, 0, 358, 0, 0, 400, 0),
('13027', 13, 0, 61, NULL, 0, 0, 0, 0, 0, 220, 0),
('13028', 4, 257, 76, NULL, 0, 0, 0, 0, 0, 0, 0),
('13029', 0, 328, 0, NULL, 292, 0, 340, 0, 0, 833, 0),
('13030', 0, 0, 0, NULL, 0, 0, 0, 0, 0, 0, 0),
('13031', 0, 0, 0, NULL, 77, 0, 418, 0, 0, 1027, 0),
('13032', 6, 0, 20, NULL, 0, 0, 160, 0, 0, 200, 0),
('13033', 30, 0, 21, NULL, 30, 0, 400, 0, 0, 512, 0),
('13034', 0, 0, 184, NULL, 0, 0, 0, 0, 0, 700, 0),
('13035', 0, 10, 0, NULL, 0, 0, 0, 0, 0, 525, 0),
('14001', 775, 0, 1397, 100, 550, 0, 90, 0, 0, 200, 0),
('14002', 134, 0, 165, NULL, 313, 0, 620, 0, 97, 734, 20),
('14003', 24, 0, 268, NULL, 1085, 0, 242, 0, 0, 100, 30),
('14004', 272, 0, 2762, NULL, 120, 0, 0, 0, 0, 200, 35),
('14005', 0, 0, 0, NULL, 0, 0, 0, 0, 0, 0, 0),
('14006', 0, 0, 47, NULL, 0, 0, 0, 0, 0, 0, 0),
('14007', 11, 0, 105, NULL, 428, 0, 0, 0, 0, 0, 20),
('14008', 0, 0, 8, NULL, 24, 0, 0, 0, 0, 228, 0),
('15001', 325, 66, 144, NULL, 340, 0, 0, 0, 0, 0, 0),
('15002', 0, 50, 11, NULL, 289, 0, 403, 0, 0, 150, 30),
('15003', 0, 1, 2, NULL, 415, 0, 376, 0, 0, 185, 0),
('15004', 0, 2, 25, NULL, 357, 1, 130, 0, 0, 476, 0),
('15005', 21, 12, 30, NULL, 374, 0, 0, 0, 0, 1060, 0),
('15006', 100, 0, 15, NULL, 270, 0, 455, 0, 0, 1067, 0),
('15007', 0, 0, 102, NULL, 399, 0, 291, 0, 0, 136, 0),
('15008', 573, 0, 52, NULL, 272, 0, 389, 0, 0, 373, 0),
('15009', 27, 91, 30, NULL, 518, 0, 496, 0, 0, 212, 0),
('15010', 84, 221, 5, NULL, 45, 0, 0, 0, 0, 310, 0),
('15011', 630, 0, 39, NULL, 446, 0, 0, 0, 0, 0, 0),
('15012', 345, 350, 61, NULL, 188, 0, 97, 0, 0, 0, 0),
('15013', 363, 760, 213, NULL, 439, 0, 0, 0, 0, 5, 0),
('15014', 771, 0, 19, NULL, 479, 0, 217, 0, 0, 1035, 0),
('15015', 709, 0, 105, NULL, 395, 0, 0, 0, 1, 5000, 0),
('15016', 653, 4564, 662, NULL, 331, 0, 406, 0, 0, 331, 0),
('15017', 1215, 512, 52, NULL, 350, 0, 0, 0, 0, 1600, 0),
('15018', 331, 374, 92, NULL, 776, 0, 417, 0, 0, 550, 0),
('15019', 217, 250, 0, NULL, 0, 0, 360, 0, 0, 2480, 0),
('15020', 930, 0, 63, NULL, 297, 0, 392, 0, 0, 392, 55),
('15021', 2, 0, 27, NULL, 0, 0, 400, 0, 0, 400, 0),
('15022', 444, 172, 86, NULL, 0, 0, 108, 0, 0, 637, 55),
('15023', 1145, 0, 213, NULL, 0, 0, 0, 0, 0, 0, 20),
('15024', 446, 23, 495, NULL, 37, 0, 0, 0, 0, 200, 0),
('15025', 1332, 457, 432, NULL, 0, 0, 344, 0, 0, 0, 30),
('15026', 1013, 0, 435, NULL, 0, 0, 463, 0, 0, 0, 0),
('15027', 100, 0, 13, NULL, 0, 0, 0, 0, 0, 45, 0),
('15028', 19, 0, 0, NULL, 0, 0, 307, 0, 0, 307, 16),
('15029', 0, 0, 85, NULL, 390, 0, 0, 0, 0, 0, 10),
('15030', 0, 69, 0, NULL, 0, 0, 0, 0, 0, 0, 35),
('15031', 0, 61, 0, NULL, 0, 0, 0, 0, 0, 0, 0),
('15032', 34, 0, 0, NULL, 0, 0, 0, 0, 0, 0, 0),
('15033', 0, 110, 1, NULL, 0, 0, 0, 0, 0, 0, 0),
('15034', 0, 0, 7, NULL, 150, 0, 0, 0, 0, 0, 0),
('15035', 0, 213, 0, NULL, 0, 0, 0, 0, 0, 0, 0),
('15036', 0, 189, 0, NULL, 44, 0, 0, 0, 0, 0, 0),
('15037', 0, 241, 58, NULL, 0, 0, 0, 0, 0, 139, 0),
('15038', 0, 0, 752, NULL, 118, 0, 0, 0, 0, 10, 0),
('16001', 0, 2, 0, NULL, 49, 0, 0, 0, 0, 110, 0),
('16002', 110, 0, 18, NULL, 367, 0, 0, 0, 0, 582, 0),
('16003', 0, 2590, 21, NULL, 504, 0, 564, 0, 0, 500, 20),
('16004', 0, 6, 3, NULL, 398, 0, 0, 0, 0, 0, 0),
('16005', 0, 9, 52, NULL, 395, 0, 490, 0, 0, 400, 0),
('17001', 0, 0, 0, NULL, 0, 0, 0, 0, 0, 0, 0),
('17002', 0, 0, 0, NULL, 229, 0, 0, 0, 0, 0, 25),
('17003', 139, 0, 357, NULL, 652, 0, 666, 0, 33, 25, 0),
('17004', 0, 0, 0, NULL, 0, NULL, NULL, 0, 645, 1040, 0),
('17005', 0, 0, 9, NULL, 0, 0, 0, 0, 0, 0, 0),
('17006', 0, 0, 133, NULL, 290, 0, 0, 0, 150, 0, 0),
('17007', 72, 0, 8, NULL, 373, 0, 0, 0, 0, 350, 0),
('17008', 0, 0, 0, NULL, 116, 0, 0, 0, 168, 542, 0),
('17009', 0, 0, 10, NULL, 216, 0, 0, 0, 100, 60, 0),
('17010', 0, 109, 0, NULL, 12, 0, 0, 0, 0, 30, 0),
('18001', 0, 79, 25, NULL, 302, 0, 0, 0, 0, 33, 0),
('18002', 368, 424, 844, NULL, 394, 168, 527, 0, 0, 66, 0),
('18003', 45, 126, 29, NULL, 571, 0, 0, 0, 0, 0, 20),
('18004', 143, 1, 8, NULL, 550, 0, 650, 0, 10, 386, 65),
('18005', 0, 0, 52, NULL, 401, 50, 218, 0, 0, 50, 0),
('18006', 0, 0, 0, NULL, 111, 50, 254, 0, 0, 0, 0),
('18007', 40, 112, 563, NULL, 582, 0, 532, 0, 0, 0, 0),
('18008', 0, 0, 0, NULL, 405, 0, 340, 0, 0, 0, 0),
('18009', 0, 1, 33, NULL, 341, 0, 0, 0, 0, 90, 0),
('18010', 0, 0, 0, NULL, 364, 140, 265, 0, 0, 0, 0),
('19001', 0, 0, 0, NULL, 0, 50, 228, 0, 0, 0, 0),
('19002', 128, 0, 0, NULL, 0, 0, 852, 0, 0, 0, 0),
('19003', 0, 0, 0, NULL, 128, 0, 226, 0, 0, 0, 20),
('19004', 0, 0, 0, NULL, 0, 0, 0, 0, 0, 0, 0),
('19005', 492, 0, 3, NULL, 429, 0, 0, 0, 0, 0, 0),
('19006', 0, 0, 480, NULL, 225, 0, 0, 0, 0, 104, 20),
('19007', 0, 0, 0, NULL, 0, 50, 153, 0, 0, 0, 20),
('19008', 25, 0, 0, NULL, 388, 50, 487, 0, 463, 487, 0),
('19009', 0, 0, 0, NULL, 939, 50, 184, 0, 283, 0, 0),
('19010', 0, 0, 0, NULL, 339, 0, 326, 0, 0, 0, 0),
('19011', 0, 7, 10880, NULL, 202, 0, 555, 0, 0, 0, 0),
('19012', 0, 0, 9056, NULL, 0, 50, 170, 0, 50, 170, 0),
('19013', 0, 157, 0, NULL, 187, 0, 0, 0, 0, 15, 0),
('19014', 0, 0, 0, NULL, 206, 20, 121, 0, 0, 0, 0),
('19015', 0, 0, 23, NULL, 214, 0, 0, 0, 75, 154, 0),
('19016', 28, 0, 0, NULL, 172, 0, 338, 0, 0, 0, 0),
('19017', 0, 0, 0, NULL, 300, 40, 75, 0, 0, 0, 0),
('19018', 88, 0, 0, NULL, 253, 0, 0, 0, 0, 0, 0),
('19019', 0, 0, 0, NULL, 341, 0, 353, 0, 0, 0, 0),
('19020', 0, 0, 2, NULL, 193, 0, 0, 0, 0, 398, 0),
('19021', 0, 0, 0, NULL, 226, 0, 0, 0, 142, 3769, 0),
('19022', 226, 90, 36, NULL, 0, 0, 0, 0, 0, 0, 0),
('20001', 47, 0, 18, NULL, 0, 50, 874, 0, 385, 604, 0),
('20002', 0, 0, 3, NULL, 25, 0, 0, 0, 0, 330, 0),
('20003', 0, 0, 34, NULL, 0, 0, 0, 0, 0, 0, 0),
('20004', 139, 0, 68, NULL, 0, 0, 0, 0, 0, 0, 0),
('20005', 1115, 0, 1018, NULL, 78, 0, 0, 0, 0, 0, 0),
('20006', 3, 0, 36, NULL, 0, 51, 265, 0, 0, 0, 0),
('20007', 27, 0, 0, NULL, 0, 0, 0, 0, 0, 0, 0),
('20008', 3, 0, 19, NULL, 0, 0, 0, 0, 0, 0, 0),
('20009', 6, 0, 34, NULL, 0, 0, 0, 0, 0, 0, 0),
('20010', 0, 0, 7, NULL, 61, 0, 0, 0, 0, 0, 0),
('20011', 0, 0, 0, NULL, 0, 0, 0, 0, 0, 60, 0),
('20012', 0, 0, 15, NULL, 32, 60, 274, 0, 200, 600, 0),
('20013', 69, 0, 189, NULL, 368, 0, 0, 0, 0, 0, 0),
('20014', 5, 0, 37, NULL, 0, 0, 538, 0, 0, 0, 0),
('21001', 6, 0, 0, NULL, 0, 0, 0, 0, 0, 26, 0),
('21002', 0, 0, 60, NULL, 0, 0, 0, 0, 0, 450, 0),
('21003', 0, 0, 0, NULL, 0, 0, 0, 0, 0, 20, 0),
('21004', 0, 0, 4, NULL, 0, 0, 0, 0, 0, 0, 0),
('21005', 58, 0, 0, NULL, 59, 0, 0, 0, 0, 0, 0),
('21006', 49, 0, 12, NULL, 0, 0, 0, 0, 0, 0, 0),
('21007', 270, 0, 44, NULL, 0, 0, 0, 0, 0, 0, 0),
('21008', 536, 0, 114, NULL, 0, 0, 0, 0, 0, 0, 0),
('21009', 56, 0, 0, NULL, 0, 0, 0, 0, 0, 0, 0),
('21010', 0, 0, 0, NULL, 0, 0, 0, 0, 0, 0, 0),
('21011', 19, 0, 2, NULL, 0, 0, 0, 0, 0, 0, 0),
('21012', 126, 0, 0, NULL, 0, 0, 0, 0, 0, 0, 0),
('21013', 10, 0, 18, NULL, 0, 0, 0, 0, 50, 150, 0),
('21014', 425, 0, 313, NULL, 0, 0, 186, 0, 0, 186, 0),
('22001', 209, 0, 9, NULL, 291, 0, 0, 0, 0, 0, 0),
('22002', 1483, 0, 877, NULL, 255, 0, 552, 0, 0, 0, 0),
('22003', 1700, 0, 316, NULL, 293, 0, 503, 0, 0, 0, 0),
('22004', 5, 0, 0, NULL, 310, 0, 633, 0, 0, 655, 0),
('22005', 21, 0, 13, NULL, 457, 0, 636, 0, 0, 636, 0),
('22006', 2, 454, 0, NULL, 335, 40, 568, 0, 0, 0, 20),
('22007', 0, 0, 41, NULL, 300, 0, 0, 0, 0, 0, 0),
('22008', 1119, 0, 125, NULL, 0, 0, 0, 0, 0, 0, 0),
('22009', 2623, 0, 309, NULL, 71, 0, 0, 0, 0, 0, 0),
('22010', 196, 0, 46, NULL, 0, 0, 0, 0, 0, 0, 0),
('22011', 77, 0, 23, NULL, 327, 0, 0, 0, 0, 0, 0),
('22012', 455, 0, 298, NULL, 0, 0, 55, 0, 0, 0, 0),
('22013', 179, 0, 193, NULL, 226, 0, 0, 0, 0, 123, 0),
('23001', 52, 0, 0, NULL, 300, 0, 95, 0, 0, 0, 0),
('23002', 0, 0, 0, NULL, 335, 0, 0, 0, 0, 0, 0),
('23003', 15, 0, 21, NULL, 467, 0, 0, 0, 0, 0, 0),
('23004', 30, 0, 36, NULL, 280, 0, 0, 0, 0, 0, 0),
('23005', 0, 0, 0, NULL, 0, 0, 0, 0, 0, 0, 0),
('23006', 150, 400, 15, NULL, 0, 0, 569, 0, 0, 0, 0),
('23007', 232, 140, 5, NULL, 347, 0, 0, 0, 0, 0, 0),
('23008', 6397, 463, 111, NULL, 201, 0, 105, 0, 13, 0, 0),
('23009', 41, 0, 0, NULL, 462, 0, 0, 0, 0, 0, 0),
('23010', 387, 722, 23, NULL, 359, 0, 0, 0, 0, 50, 0),
('24001', 20, 0, 0, NULL, 423, 0, 0, 0, 0, 200, 0),
('24002', 0, 44, 8, NULL, 240, 0, 0, 0, 0, 0, 0),
('24003', 0, 2, 0, NULL, 705, 0, 0, 0, 0, 0, 0),
('24004', 0, 0, 0, NULL, 50, 0, 0, 0, 0, 60, 0),
('24005', 45, 163, 0, NULL, 306, 0, 0, 0, 0, 60, 0),
('25001', 45, 0, 3, NULL, 437, 0, 0, 0, 0, 400, 0),
('25002', 528, 265, 2, NULL, 330, 0, 0, 0, 48, 0, 0),
('25003', 15, 0, 0, NULL, 510, 0, 1016, 0, 0, 1473, 0),
('25004', 0, 0, 0, NULL, 0, 0, 326, 0, 0, 326, 0),
('25005', 19, 0, 1, NULL, 384, 0, 0, 0, 20, 0, 0),
('25006', 574, 0, 140, NULL, 283, 0, 195, 0, 0, 200, 0),
('25007', 7, 0, 0, NULL, 311, 0, 0, 0, 0, 0, 20),
('25008', 0, 0, 0, NULL, 381, 0, 0, 0, 0, 18, 0),
('25009', 0, 0, 0, NULL, 100, 0, 0, 0, 0, 0, 20),
('25010', 19, 0, 1, NULL, 318, 0, 0, 0, 0, 150, 0),
('25011', 0, 0, 0, NULL, 0, 0, 0, 0, 0, 0, 0),
('25012', 180, 0, 12, NULL, 0, 0, 0, 0, 0, 400, 0),
('25013', 17, 0, 82, NULL, 485, 0, 0, 0, 0, 0, 0),
('25014', 64, 0, 2, NULL, 0, 0, 210, 0, 0, 0, 0),
('25015', 0, 0, 3, NULL, 286, 0, 0, 0, 0, 210, 0),
('26001', 0, 0, 0, NULL, 0, 0, 0, 0, 0, 0, 0),
('26002', 0, 0, 8, NULL, 50, 0, 0, 0, 0, 0, 45),
('26003', 0, 0, 20, NULL, 315, 0, 0, 0, 0, 0, 0),
('26004', 2, 0, 0, NULL, 0, 0, 0, 0, 0, 0, 0),
('26005', 0, 0, 0, NULL, 0, 0, 0, 0, 0, 0, 0),
('26006', 0, 0, 0, NULL, 95, 0, 0, 0, 0, 0, 0),
('26007', 0, 0, 0, NULL, 0, 60, 349, 0, 0, 0, 0),
('26008', 0, 0, 0, NULL, 50, 0, 347, 0, 0, 0, 0),
('26009', 8, 0, 18, NULL, 0, 0, 401, 0, 0, 0, 0),
('26010', 51, 0, 174, NULL, 216, 0, 0, 0, 0, 0, 0),
('26011', 0, 0, 0, NULL, 0, 0, 155, 0, 0, 0, 20),
('26012', 0, 0, 0, NULL, 0, 0, 444, 0, 0, 0, 0),
('26013', 27, 0, 211, NULL, 0, 0, 0, 0, 0, 0, 0),
('27001', 0, 0, 0, NULL, 308, 0, 0, 0, 0, 1000, 0),
('27002', 47, 0, 193, NULL, 300, 0, 0, 0, 0, 50, 20),
('27003', 11, 291, 56, NULL, 200, 0, 0, 0, 0, 56, 0),
('27004', 27, 0, 60, NULL, 200, 0, 242, 0, 0, 242, 30),
('27005', 72, 0, 22, NULL, 160, 0, 0, 0, 0, 0, 0),
('27006', 219, 0, 129, NULL, 60, 0, 281, 0, 0, 0, 0),
('27007', 243, 14, 10, NULL, 201, 0, 0, 0, 0, 0, 25),
('27008', 0, 473, 244, NULL, 249, 0, 569, 0, 2, 0, 0),
('27009', 136, 0, 120, NULL, 200, 0, 438, 0, 0, 438, 0),
('27010', 113, 0, 1, NULL, 200, 0, 0, 0, 11, 30, 20),
('27011', 0, 0, 24, NULL, 81, 0, 0, 0, 0, 45, 0),
('27012', 11, 0, 58, NULL, 200, 0, 0, 0, 0, 20, 0),
('27013', 202, 0, 110, NULL, 350, 0, 568, 0, 0, 0, 0),
('27014', 12, 0, 88, NULL, 300, 0, 0, 0, 0, 10, 0),
('27015', 35, 0, 76, NULL, 0, 0, 0, 0, 0, 0, 0),
('27016', 0, 0, 50, NULL, 250, 0, 0, 0, 0, 0, 0),
('27017', 73, 0, 88, NULL, 400, 0, 0, 0, 0, 0, 20),
('27018', 0, 0, 0, NULL, 0, 0, 0, 0, 0, 50, 0),
('27019', 0, 0, 23, NULL, 256, 0, 0, 0, 0, 0, 0),
('27020', 0, 0, 49, NULL, 275, 0, 0, 0, 0, 1270, 0),
('27021', 0, 0, 0, NULL, 285, 0, 0, 0, 0, 250, 0),
('27022', 326, 0, 0, NULL, 240, 0, 0, 0, 0, 300, 0),
('27023', 116, 0, 69, NULL, 226, 0, 522, 0, 0, 138, 0),
('27024', 99, 0, 193, NULL, 304, 0, 0, 0, 0, 138, 0),
('28001', 0, 0, 39, NULL, 233, 0, 0, 0, 0, 0, 0),
('28002', 0, 0, 33, NULL, 303, 0, 0, 0, 0, 187, 0),
('28003', 0, 0, 29, NULL, 190, 0, 630, 0, 0, 0, 0),
('28004', 0, 0, 0, NULL, 0, 0, 0, 0, 0, 0, 0),
('28005', 100, 0, 108, NULL, 178, 0, 0, 0, 0, 0, 0),
('28006', 0, 0, 10, NULL, 449, 50, 400, 0, 0, 0, 0),
('28007', 0, 0, 0, NULL, 236, 0, 0, 0, 0, 0, 0),
('28008', 0, 0, 47, NULL, 273, 0, 0, 0, 0, 5, 20),
('28009', 0, 0, 0, NULL, 148, 0, 0, 0, 0, 0, 0),
('28010', 0, 0, 0, NULL, 0, 0, 0, 0, 0, 0, 0),
('28011', 0, 0, 3, NULL, 0, 0, 0, 0, 0, 0, 0),
('28012', 0, 0, 0, NULL, 220, 0, 0, 0, 0, 0, 0),
('28013', 0, 0, 0, NULL, 200, 0, 0, 0, 0, 0, 20),
('28014', 0, 0, 0, NULL, 0, 0, 0, 0, 0, 0, 0),
('28015', 0, 0, 0, NULL, 260, 0, 0, 0, 0, 0, 20),
('28016', 39, 0, 640, NULL, 353, 0, 486, 0, 0, 0, 0),
('28017', 0, 0, 47, NULL, 372, 0, 0, 0, 0, 0, 0),
('29001', 405, 0, 124, NULL, 60, 0, 258, 0, 0, 0, 0),
('29002', 11, 0, 7, NULL, 189, 0, 0, 0, 0, 400, 0),
('29003', 10, 945, 53, NULL, 0, 0, 0, 0, 0, 50, 0),
('29004', 0, 0, 8, NULL, 50, 0, 0, 0, 0, 0, 0),
('29005', 1, 0, 0, NULL, 130, 0, 0, 0, 0, 0, 20),
('29006', 15, 129, 0, NULL, 172, 0, 0, 0, 0, 0, 0),
('30001', 8, 0, 31, NULL, 437, 0, 0, 0, 0, 40, 0),
('30002', 402, 4, 72, NULL, 410, 0, 0, 0, 0, 300, 0),
('30003', 0, 0, 0, NULL, 325, 0, 0, 0, 0, 302, 0),
('30004', 736, 10, 194, NULL, 384, 0, 291, 0, 0, 0, 15),
('30005', 64, 41, 0, NULL, 332, 0, 424, 0, 0, 424, 0),
('30006', 34, 9, 2, NULL, 423, 0, 0, 0, 0, 0, 0),
('31001', 0, 0, 0, NULL, 635, 0, 0, 0, 0, 300, 0),
('31002', 0, 0, 0, NULL, 356, 0, 0, 0, 395, 1021, 0),
('31003', 0, 0, 0, NULL, 441, 50, 121, 0, 0, 0, 0),
('31004', 0, 0, 0, NULL, 315, 39, 370, 0, 39, 370, 0),
('31005', 0, 0, 0, NULL, 335, 0, 0, 0, 0, 0, 0),
('31006', 0, 0, 0, NULL, 375, 0, 0, 0, 0, 0, 0),
('31007', 0, 0, 0, NULL, 0, 50, 380, 0, 0, 0, 0),
('31008', 0, 0, 0, NULL, 0, 130, 0, 0, 0, 0, 0),
('31009', 0, 0, 0, NULL, 319, 0, 404, 0, 0, 12, 0),
('31010', 0, 0, 0, NULL, 477, 0, 0, 0, 0, 36, 0),
('31011', 0, 0, 0, NULL, 334, 0, 0, 0, 0, 0, 0),
('32001', 0, 18, 10, NULL, 64, 144, 78, 0, 0, 0, 0),
('32002', 0, 20, 0, NULL, 111, 0, 0, 0, 0, 44, 0),
('32003', 0, 5, 0, NULL, 50, 0, 0, 0, 0, 0, 15),
('32004', 0, 40, 2, NULL, 0, 0, 0, 0, 0, 59, 0),
('32005', 0, 0, 0, NULL, 0, 0, 0, 0, 0, 0, 15),
('32006', 0, 0, 0, NULL, 50, 0, 0, 0, 0, 22, 0),
('32007', 0, 0, 10, NULL, 50, 0, 0, 0, 0, 0, 0),
('32008', 0, 0, 0, NULL, 0, 0, 0, 0, 0, 0, 0),
('32009', 9, 0, 5, NULL, 84, 0, 697, 0, 0, 0, 0),
('32010', 0, 0, 15, NULL, 50, 0, 59, 0, 0, 697, 0),
('33001', 74, 0, 35, NULL, 25, 100, 418, 0, 0, 0, 20),
('33002', 23, 0, 0, NULL, 73, 0, 0, 0, 0, 30, 0),
('33003', 90, 0, 754, NULL, 25, 50, 1061, 0, 0, 0, 0),
('33004', 8, 0, 0, NULL, 28, 0, 0, 0, 0, 0, 0),
('33005', 0, 0, 0, NULL, 25, 0, 0, 0, 0, 0, 0),
('33006', 0, 0, 9, NULL, 25, 115, 0, 0, 0, 64, 0),
('33007', 10, 0, 0, NULL, 0, 0, 0, 0, 0, 0, 0),
('33008', 0, 0, 0, NULL, 0, 0, 0, 0, 0, 0, 0),
('33009', 59, 0, 3, NULL, 0, 0, 0, 0, 0, 0, 0),
('33010', 0, 0, 0, NULL, 10, 0, 0, 0, 0, 0, 0),
('33011', 300, 0, 0, NULL, 0, 219, 0, 0, 0, 0, 0),
('33012', 0, 0, 0, NULL, 0, 0, 0, 0, 0, 0, 0),
('33013', 0, 0, 0, NULL, 0, 0, 0, 0, 0, 300, 0),
('33014', 0, 0, 0, NULL, 0, 0, 0, 0, 0, 0, 0),
('33015', 0, 0, 0, NULL, 0, 0, 0, 0, 0, 0, 0),
('33016', 0, 0, 0, NULL, 0, 50, 126, 0, 0, 0, 0),
('33017', 0, 0, 0, NULL, 0, 0, 0, 0, 0, 150, 0),
('33018', 0, 0, 0, NULL, 20, 0, 0, 0, 0, 0, 0),
('33019', 0, 0, 0, NULL, 19, 120, 0, 0, 11, 0, 0),
('33020', 0, 0, 0, NULL, 25, 0, 0, 0, 0, 0, 0),
('33021', 0, 0, 0, NULL, 0, 0, 0, 0, 0, 0, 0),
('33022', 0, 0, 0, NULL, 0, 0, 0, 0, 0, 0, 0),
('33023', 0, 0, 0, NULL, 50, 0, 0, 0, 0, 0, 0),
('33024', 0, 0, 0, NULL, 0, 0, 0, 0, 0, 0, 0),
('33025', 0, 0, 0, NULL, 0, 93, 0, 0, 0, 0, 0),
('33026', 0, 0, 0, NULL, 0, 0, 65, 0, 0, 0, 0),
('33027', 0, 0, 0, NULL, 0, 93, 0, 0, 0, 0, 0),
('33028', 0, 0, 0, NULL, 27, 0, 0, 0, 0, 0, 0),
('33029', 0, 0, 32, NULL, 0, 0, 0, 0, 0, 56, 0),
('34001', 0, 0, 0, NULL, 200, 0, 0, 0, 0, 0, 0),
('34002', 0, 0, 0, NULL, 350, 0, 0, 0, 0, 0, 0),
('34003', 0, 0, 0, NULL, 50, 0, 0, 0, 0, 0, 0),
('34004', 0, 0, 0, NULL, 200, 0, 0, 0, 0, 0, 0),
('34005', 213, 0, 70, NULL, 718, 0, 0, 0, 479, 0, 0),
('34006', 0, 0, 18, NULL, 400, 0, 0, 0, 0, 0, 0),
('34007', 393, 0, 463, NULL, 400, 0, 0, 0, 0, 0, 20),
('34008', 0, 0, 0, NULL, 251, 246, 0, 0, 0, 0, 0),
('34009', 0, 0, 437, NULL, 414, 0, 0, 0, 0, 0, 0),
('34010', 0, 0, 0, NULL, 5, 370, 0, 0, 0, 0, 0),
('34011', 0, 0, 0, NULL, 450, 0, 0, 0, 0, 0, 0),
('34012', 0, 0, 0, NULL, 150, 0, 0, 0, 0, 0, 0),
('34013', 0, 0, 0, NULL, 340, 0, 0, 0, 0, 0, 0);

-- --------------------------------------------------------

--
-- Table structure for table `detail_non_mbr`
--

CREATE TABLE `detail_non_mbr` (
  `idKota` varchar(5) NOT NULL,
  `pengembang` int(11) DEFAULT NULL,
  `imb` int(11) DEFAULT NULL,
  `masy` int(11) DEFAULT NULL
) ENGINE=InnoDB DEFAULT CHARSET=latin1;

--
-- Dumping data for table `detail_non_mbr`
--

INSERT INTO `detail_non_mbr` (`idKota`, `pengembang`, `imb`, `masy`) VALUES
('01001', 0, 0, 0),
('01002', 0, 0, 0),
('01003', 0, 11663, 256),
('01004', 0, 0, 3),
('01005', 6, 0, 18),
('01006', 0, 0, 0),
('01007', 1, 0, 1),
('01008', 0, 0, 1),
('01009', 0, 0, 0),
('01010', 0, 0, 0),
('01011', 0, 0, 0),
('01012', 0, 0, 2),
('01013', 0, 0, 0),
('01014', 0, 0, 1),
('01015', 0, 0, 0),
('01016', 0, 0, 0),
('01017', 0, 0, 67),
('01018', 0, 0, 0),
('01019', 0, 0, 1),
('01020', 0, 0, 0),
('01021', 0, 0, 0),
('01022', 0, 0, 0),
('01023', 0, 0, 0),
('02001', 0, 0, 9),
('02002', 0, 0, 0),
('02003', 1, 43, 0),
('02004', 7, 741, 136),
('02005', 0, 0, 0),
('02006', 0, 0, 0),
('02007', 0, 0, 0),
('02008', 0, 0, 0),
('02009', 0, 0, 0),
('02010', 0, 0, 2),
('02011', 0, 0, 0),
('02012', 0, 0, 0),
('02013', 0, 0, 0),
('02014', 0, 0, 0),
('02015', 0, 0, 0),
('02016', 0, 0, 8),
('02017', 0, 0, 0),
('02018', 0, 0, 0),
('02019', 0, 0, 0),
('02020', 0, 0, 4),
('02021', 1, 0, 5),
('02022', 0, 0, 0),
('02023', 1, 0, 8),
('02024', 0, 0, 0),
('02025', 0, 0, 0),
('02026', 0, 0, 15),
('02027', 0, 0, 0),
('02028', 11, 0, 143),
('02029', 0, 0, 0),
('02030', 0, 0, 11),
('02031', 0, 0, 0),
('02032', 3, 0, 0),
('02033', 0, 0, 5),
('03001', 197, 0, 26),
('03002', 3, 0, 1),
('03003', 0, 0, 0),
('03004', 0, 0, 0),
('03005', 1, 0, 2),
('03006', 2, 0, 0),
('03007', 0, 0, 0),
('03008', 5, 0, 1),
('03009', 0, 0, 3),
('03010', 0, 0, 0),
('03011', 0, 0, 0),
('03012', 0, 0, 3),
('03013', 0, 0, 1),
('03014', 1, 0, 2),
('03015', 1, 0, 0),
('03016', 1, 0, 4),
('03017', 6, 0, 2),
('03018', 0, 0, 2),
('03019', 0, 0, 0),
('04001', 6, 5631, 178),
('04002', 0, 0, 3),
('04003', 0, 15, 5),
('04004', 0, 6, 1),
('04005', 0, 0, 0),
('04006', 9, 28, 62),
('04007', 0, 0, 24),
('04008', 0, 0, 0),
('04009', 0, 4, 0),
('04010', 0, 0, 1),
('04011', 0, 50, 8),
('04012', 0, 6, 0),
('05001', 0, 0, 0),
('05002', 10, 0, 6),
('05003', 0, 39, 9),
('05004', 0, 200, 0),
('05005', 0, 5, 1),
('05006', 4, 23, 4),
('05007', 2, 0, 0),
('05008', 0, 24, 0),
('05009', 0, 35, 1),
('05010', 11, 305, 13),
('05011', 0, 7, 0),
('06001', 0, 0, 0),
('06002', 0, 0, 0),
('06003', 0, 0, 0),
('06004', 0, 0, 0),
('06005', 0, 0, 4),
('06006', 2, 0, 2),
('06007', 0, 0, 0),
('06008', 0, 0, 0),
('06009', 2, 0, 10),
('06010', 0, 0, 2),
('06011', 0, 0, 0),
('06012', 29, 0, 78),
('06013', 0, 0, 0),
('06014', 0, 0, 3),
('06015', 0, 0, 0),
('06016', 0, 0, 0),
('06017', 0, 0, 0),
('07001', 4, 4, 55),
('07002', 0, 0, 0),
('07003', 0, 15, 3),
('07004', 1, 2, 0),
('07005', 0, 0, 0),
('07006', 0, 55, 1),
('07007', 0, 0, 0),
('07008', 0, 0, 0),
('07009', 1, 0, 0),
('07010', 0, 0, 0),
('08001', 0, 0, 0),
('08002', 0, 20, 0),
('08003', 14, 37, 27),
('08004', 0, 0, 0),
('08005', 0, 0, 0),
('08006', 0, 0, 0),
('08007', 0, 0, 0),
('08008', 0, 23, 1),
('08009', 1, 0, 1),
('08010', 0, 14, 2),
('08011', 0, 0, 0),
('08012', 0, 0, 0),
('08013', 0, 0, 1),
('08014', 210, 0, 89),
('08015', 0, 26, 3),
('09001', 1, 0, 3),
('09002', 0, 0, 0),
('09003', 3, 0, 1),
('09004', 0, 0, 0),
('09005', 14, 2, 0),
('09006', 0, 5, 0),
('09007', 805, 0, 8),
('10001', 0, 0, 3),
('10002', 4, 0, 0),
('10003', 0, 0, 0),
('10004', 0, 0, 0),
('10005', 0, 0, 0),
('10006', 804, 0, 437),
('10007', 14, 0, 36),
('11001', 5, 0, 96),
('11002', 0, 0, 107),
('11003', 78, 0, 292),
('11004', 3, 0, 28),
('11005', 16, 0, 30),
('11006', 0, 0, 0),
('12001', 924, 0, 1878),
('12002', 2, 0, 49),
('12003', 66, 0, 44),
('12004', 814, 0, 1104),
('12005', 26, 0, 117),
('12006', 250, 0, 175),
('12007', 2, 0, 21),
('12008', 122, 0, 10),
('12009', 12, 0, 150),
('12010', 0, 0, 9),
('12011', 34, 0, 61),
('12012', 4, 0, 19),
('12013', 75, 0, 21),
('12014', 25, 0, 171),
('12015', 793, 0, 625),
('12016', 264, 0, 3044),
('12017', 177, 0, 183),
('12018', 1, 0, 52),
('12019', 0, 0, 4),
('12020', 177, 0, 252),
('12021', 55, 0, 7),
('12022', 36, 0, 96),
('12023', 43, 0, 860),
('12024', 132, 0, 92),
('12025', 0, 0, 1),
('12026', 0, 0, 7),
('12027', 0, 0, 16),
('13001', 19, 0, 19),
('13002', 72, 0, 189),
('13003', 0, 119, 56),
('13004', 0, 0, 1),
('13005', 0, 0, 10),
('13006', 0, 0, 4),
('13007', 151, 7, 5),
('13008', 67, 0, 101),
('13009', 1, 0, 20),
('13010', 1, 0, 115),
('13011', 0, 0, 80),
('13012', 0, 60, 11),
('13013', 2, 0, 66),
('13014', 0, 0, 29),
('13015', 1, 51, 10),
('13016', 0, 129, 151),
('13017', 0, 25, 2),
('13018', 4, 91, 9),
('13019', 6, 0, 18),
('13020', 0, 34, 7),
('13021', 117, 73, 40),
('13022', 1786, 0, 458),
('13023', 0, 0, 4),
('13024', 140, 0, 19),
('13025', 7, 2, 112),
('13026', 74, 0, 90),
('13027', 1, 0, 17),
('13028', 6, 166, 65),
('13029', 0, 184, 4),
('13030', 0, 0, 1),
('13031', 0, 0, 22),
('13032', 0, 0, 79),
('13033', 11, 0, 71),
('13034', 0, 0, 2),
('13035', 0, 150, 0),
('14001', 0, 0, 12),
('14002', 17, 0, 35),
('14003', 1, 0, 5),
('14004', 61, 0, 1204),
('14005', 0, 0, 0),
('14006', 151, 0, 91),
('14007', 43, 0, 152),
('14008', 1, 0, 227),
('15001', 2, 0, 67),
('15002', 0, 0, 1),
('15003', 0, 0, 1),
('15004', 1, 55, 7),
('15005', 1, 59, 3),
('15006', 0, 86, 1),
('15007', 0, 0, 25),
('15008', 2, 0, 30),
('15009', 0, 33, 34),
('15010', 86, 170, 1),
('15011', 0, 175, 19),
('15012', 61, 0, 116),
('15013', 22, 521, 183),
('15014', 273, 525, 35),
('15015', 274, 0, 84),
('15016', 503, 0, 464),
('15017', 687, 386, 77),
('15018', 100, 652, 64),
('15019', 0, 0, 6),
('15020', 20, 0, 401),
('15021', 0, 0, 4),
('15022', 0, 64, 29),
('15023', 13, 0, 8),
('15024', 2597, 862, 476),
('15025', 694, 285, 398),
('15026', 7, 0, 354),
('15027', 0, 0, 0),
('15028', 1, 0, 6),
('15029', 0, 1, 18),
('15030', 0, 321, 5),
('15031', 0, 0, 0),
('15032', 9, 145, 0),
('15033', 0, 196, 2),
('15034', 0, 1554, 47),
('15035', 0, 592, 5),
('15036', 0, 86, 0),
('15037', 0, 337, 0),
('15038', 297, 0, 859),
('16001', 744, 146, 206),
('16002', 189, 89, 19),
('16003', 0, 0, 6),
('16004', 0, 1, 60),
('16005', 48, 535, 10),
('17001', 0, 0, 0),
('17002', 0, 5, 0),
('17003', 22, 2, 126),
('17004', 90, 21, 87),
('17005', 1, 4, 8),
('17006', 3, 7, 36),
('17007', 2, 2, 11),
('17008', 0, 2, 0),
('17009', 30, 182, 46),
('17010', 0, 497, 56),
('18001', 1, 171, 94),
('18002', 15, 0, 73),
('18003', 4, 0, 2),
('18004', 9, 127, 6),
('18005', 0, 3, 77),
('18006', 0, 8, 0),
('18007', 0, 116, 7),
('18008', 0, 34, 0),
('18009', 0, 46, 0),
('18010', 0, 17, 4),
('19001', 0, 0, 0),
('19002', 53, 0, 0),
('19003', 0, 0, 1),
('19004', 0, 0, 0),
('19005', 101, 0, 7),
('19006', 0, 6, 0),
('19007', 0, 3, 0),
('19008', 0, 0, 0),
('19009', 0, 0, 0),
('19010', 0, 0, 0),
('19011', 0, 0, 4662),
('19012', 0, 0, 15904),
('19013', 0, 233, 66),
('19014', 0, 0, 0),
('19015', 0, 0, 0),
('19016', 0, 3, 0),
('19017', 0, 0, 0),
('19018', 0, 0, 0),
('19019', 0, 14, 1),
('19020', 0, 0, 3),
('19021', 0, 0, 0),
('19022', 260, 41, 38),
('20001', 3, 0, 0),
('20002', 0, 0, 0),
('20003', 0, 0, 0),
('20004', 1, 0, 3),
('20005', 73, 0, 34),
('20006', 0, 0, 0),
('20007', 0, 0, 0),
('20008', 0, 0, 1),
('20009', 0, 0, 0),
('20010', 0, 0, 0),
('20011', 0, 0, 0),
('20012', 0, 0, 4),
('20013', 8, 0, 84),
('20014', 0, 0, 3),
('21001', 0, 0, 0),
('21002', 0, 0, 0),
('21003', 0, 0, 0),
('21004', 0, 0, 0),
('21005', 1, 0, 0),
('21006', 1, 0, 0),
('21007', 5, 0, 6),
('21008', 5, 0, 10),
('21009', 3, 0, 0),
('21010', 0, 0, 0),
('21011', 0, 0, 0),
('21012', 0, 0, 0),
('21013', 0, 0, 0),
('21014', 7, 9, 30),
('22001', 1, 0, 0),
('22002', 7, 0, 25),
('22003', 10, 0, 7),
('22004', 0, 0, 1),
('22005', 0, 0, 0),
('22006', 0, 236, 1),
('22007', 0, 0, 3),
('22008', 0, 0, 2),
('22009', 0, 0, 3),
('22010', 0, 0, 2),
('22011', 0, 0, 0),
('22012', 50, 13, 21),
('22013', 0, 0, 32),
('23001', 0, 0, 0),
('23002', 0, 4, 0),
('23003', 4, 9, 5),
('23004', 0, 0, 4),
('23005', 0, 0, 0),
('23006', 0, 0, 1),
('23007', 0, 149, 0),
('23008', 336, 1507, 138),
('23009', 0, 0, 5),
('23010', 247, 74, 89),
('24001', 0, 4, 0),
('24002', 0, 0, 0),
('24003', 0, 11, 0),
('24004', 0, 16, 0),
('24005', 0, 136, 4),
('25001', 0, 0, 0),
('25002', 0, 63, 3),
('25003', 0, 0, 0),
('25004', 0, 0, 0),
('25005', 0, 0, 0),
('25006', 2, 0, 0),
('25007', 0, 0, 0),
('25008', 0, 0, 0),
('25009', 0, 0, 0),
('25010', 0, 0, 0),
('25011', 0, 0, 0),
('25012', 6, 0, 1),
('25013', 0, 0, 3),
('25014', 0, 0, 0),
('25015', 0, 0, 0),
('26001', 0, 0, 0),
('26002', 0, 0, 0),
('26003', 0, 0, 4),
('26004', 0, 0, 1),
('26005', 0, 0, 0),
('26006', 0, 0, 0),
('26007', 0, 0, 0),
('26008', 0, 0, 0),
('26009', 0, 0, 0),
('26010', 0, 0, 9),
('26011', 0, 0, 0),
('26012', 0, 0, 0),
('26013', 0, 0, 33),
('27001', 0, 8, 0),
('27002', 0, 193, 1),
('27003', 0, 141, 3),
('27004', 0, 0, 18),
('27005', 2, 0, 3),
('27006', 27, 144, 95),
('27007', 4, 146, 0),
('27008', 2, 918, 14),
('27009', 28, 0, 30),
('27010', 1, 0, 5),
('27011', 0, 15, 1),
('27012', 3, 27, 0),
('27013', 0, 0, 3),
('27014', 0, 29, 5),
('27015', 0, 0, 1),
('27016', 0, 267, 2),
('27017', 1, 0, 0),
('27018', 0, 17, 10),
('27019', 0, 0, 1),
('27020', 0, 49, 1),
('27021', 0, 0, 0),
('27022', 399, 0, 130),
('27023', 0, 0, 4),
('27024', 26, 731, 30),
('28001', 0, 0, 0),
('28002', 0, 0, 1),
('28003', 0, 0, 0),
('28004', 0, 0, 0),
('28005', 0, 0, 2),
('28006', 0, 0, 0),
('28007', 0, 0, 0),
('28008', 0, 49, 0),
('28009', 0, 0, 0),
('28010', 0, 1, 0),
('28011', 0, 0, 0),
('28012', 0, 0, 0),
('28013', 0, 0, 0),
('28014', 0, 1, 0),
('28015', 0, 0, 0),
('28016', 0, 0, 30),
('28017', 0, 0, 4),
('29001', 5, 0, 26),
('29002', 0, 0, 0),
('29003', 0, 419, 2),
('29004', 0, 0, 3),
('29005', 0, 0, 0),
('29006', 0, 401, 0),
('30001', 0, 0, 0),
('30002', 62, 464, 8),
('30003', 0, 0, 0),
('30004', 0, 0, 3),
('30005', 0, 59, 0),
('30006', 0, 0, 0),
('31001', 0, 0, 0),
('31002', 0, 0, 0),
('31003', 0, 0, 0),
('31004', 0, 0, 0),
('31005', 0, 0, 0),
('31006', 0, 0, 0),
('31007', 0, 0, 0),
('31008', 0, 0, 0),
('31009', 0, 0, 0),
('31010', 0, 0, 882),
('31011', 0, 0, 2),
('32001', 0, 29, 0),
('32002', 0, 40, 0),
('32003', 0, 55, 0),
('32004', 0, 30, 0),
('32005', 0, 0, 0),
('32006', 0, 0, 0),
('32007', 0, 7, 0),
('32008', 0, 0, 0),
('32009', 8, 0, 28),
('32010', 0, 13, 1),
('33001', 0, 0, 0),
('33002', 0, 0, 2),
('33003', 592, 0, 31),
('33004', 0, 0, 1),
('33005', 0, 0, 0),
('33006', 0, 0, 1),
('33007', 0, 0, 0),
('33008', 0, 0, 0),
('33009', 0, 0, 11),
('33010', 0, 0, 0),
('33011', 0, 0, 0),
('33012', 0, 0, 0),
('33013', 0, 0, 0),
('33014', 0, 0, 0),
('33015', 0, 0, 0),
('33016', 0, 0, 0),
('33017', 0, 0, 0),
('33018', 0, 480, 0),
('33019', 0, 0, 0),
('33020', 0, 0, 0),
('33021', 0, 0, 0),
('33022', 0, 0, 0),
('33023', 0, 0, 0),
('33024', 0, 0, 0),
('33025', 0, 0, 0),
('33026', 0, 0, 0),
('33027', 0, 0, 0),
('33028', 0, 0, 0),
('33029', 0, 0, 4),
('34001', 0, 0, 0),
('34002', 0, 0, 0),
('34003', 0, 0, 0),
('34004', 0, 0, 0),
('34005', 10, 2, 17),
('34006', 0, 0, 0),
('34007', 0, 0, 3),
('34008', 0, 0, 0),
('34009', 0, 0, 1),
('34010', 0, 0, 0),
('34011', 0, 0, 0),
('34012', 0, 0, 0),
('34013', 0, 0, 0);

-- --------------------------------------------------------

--
-- Table structure for table `kota`
--

CREATE TABLE `kota` (
  `idKota` varchar(5) NOT NULL,
  `namaKota` text NOT NULL,
  `idProv_kota` varchar(2) NOT NULL
) ENGINE=InnoDB DEFAULT CHARSET=latin1;

--
-- Dumping data for table `kota`
--

INSERT INTO `kota` (`idKota`, `namaKota`, `idProv_kota`) VALUES
('01001', 'Kabupaten Aceh Utara', '01'),
('01002', 'Kabupaten Pidie', '01'),
('01003', 'Kota Langsa ', '01'),
('01004', 'Kabupaten Aceh Tengah', '01'),
('01005', 'Kabupaten Aceh Besar', '01'),
('01006', 'Kabupaten Pidie Jaya', '01'),
('01007', 'Kabupaten Aceh Barat ', '01'),
('01008', 'Kabupaten Aceh Singkil', '01'),
('01009', 'Kabupaten Aceh Barat Daya', '01'),
('01010', 'Kabupaten Nagan Raya ', '01'),
('01011', 'Kabupaten Bener Meriah', '01'),
('01012', 'Kota Lhokseumawe', '01'),
('01013', 'Kabupaten Bireuen ', '01'),
('01014', 'Kabupaten Aceh Tamiang', '01'),
('01015', 'Kabupaten Aceh Jaya', '01'),
('01016', 'Kabupaten Aceh Selatan', '01'),
('01017', 'Kota Banda Aceh', '01'),
('01018', 'Kota Sabang', '01'),
('01019', 'Kota Subulussalam', '01'),
('01020', 'Kabupaten Aceh Tenggara', '01'),
('01021', 'Kabupaten Aceh Timur', '01'),
('01022', 'Kabupaten Gayo Lues', '01'),
('01023', 'Kabupaten Simeulue', '01'),
('02001', 'Kabupaten Asahan', '02'),
('02002', 'Kabupaten Batu Bara', '02'),
('02003', 'Kabupaten Dairi', '02'),
('02004', 'Kabupaten Deli Serdang', '02'),
('02005', 'Kabupaten Humbang Hasundutan', '02'),
('02006', 'Kabupaten Karo', '02'),
('02007', 'Kabupaten Labuhan Batu', '02'),
('02008', 'Kabupaten Labuhan Batu Selatan', '02'),
('02009', 'Kabupaten Labuhan Batu Utara', '02'),
('02010', 'Kabupaten Langkat', '02'),
('02011', 'Kabupaten Mandailing Natal', '02'),
('02012', 'Kabupaten Nias', '02'),
('02013', 'Kabupaten Nias Barat', '02'),
('02014', 'Kabupaten Nias Selatan', '02'),
('02015', 'Kabupaten Nias Utara', '02'),
('02016', 'Kabupaten Padang Lawas', '02'),
('02017', 'Kabupaten Padang Lawas Utara', '02'),
('02018', 'Kabupaten Pakpak Bharat', '02'),
('02019', 'Kabupaten Samosir', '02'),
('02020', 'Kabupaten Serdang Bedagai', '02'),
('02021', 'Kabupaten Simalungun', '02'),
('02022', 'Kabupaten Tapanuli Selatan', '02'),
('02023', 'Kabupaten Tapanuli Tengah', '02'),
('02024', 'Kabupaten Tapanuli Utara', '02'),
('02025', 'Kabupaten Toba Samosir', '02'),
('02026', 'Kota Binjai', '02'),
('02027', 'Kota Gunung Sitoli', '02'),
('02028', 'Kota Medan', '02'),
('02029', 'Kota Padangsidimpuan', '02'),
('02030', 'Kota Pematang Siantar', '02'),
('02031', 'Kota Sibolga', '02'),
('02032', 'Kota Tanjung Balai', '02'),
('02033', 'Kota Tebing Tinggi', '02'),
('03001', 'Kota Padang', '03'),
('03002', 'Kota Solok', '03'),
('03003', 'Kota Bukittinggi', '03'),
('03004', 'Kota Payakumbuh', '03'),
('03005', 'Kota Pariaman', '03'),
('03006', 'Kota Padang Panjang', '03'),
('03007', 'Kota Sawahlunto', '03'),
('03008', 'Kabupaten Agam', '03'),
('03009', 'Kabupaten Dharmasraya', '03'),
('03010', 'Kabupaten Kepulauan Mentawai', '03'),
('03011', 'Kabupaten Lima Puluh Kota', '03'),
('03012', 'Kabupaten Padang Pariaman', '03'),
('03013', 'Kabupaten Pasaman', '03'),
('03014', 'Kabupaten Pasaman Barat', '03'),
('03015', 'Kabupaten Pesisir Selatan', '03'),
('03016', 'Kabupaten Sijunjung', '03'),
('03017', 'Kabupaten Solok', '03'),
('03018', 'Kabupaten Solok Selatan', '03'),
('03019', 'Kabupaten Tanah Datar', '03'),
('04001', 'Kota Pekanbaru', '04'),
('04002', 'Kota Dumai ', '04'),
('04003', 'Kabupaten Bengkalis', '04'),
('04004', 'Kabupaten Indragiri Hulu', '04'),
('04005', 'Kabupaten Indragiri Hilir', '04'),
('04006', 'Kabupaten Kampar', '04'),
('04007', 'Kabupaten Kuantan Singingi', '04'),
('04008', 'Kabupaten Pelalawan', '04'),
('04009', 'Kabupaten Rokan Hulu', '04'),
('04010', 'Kabupaten Rokan Hilir', '04'),
('04011', 'Kabupaten Siak', '04'),
('04012', 'Kabupaten Meranti', '04'),
('05001', 'Kabupaten Kerinci', '05'),
('05002', 'Kabupaten Bungo ', '05'),
('05003', 'Kabupaten Merangin', '05'),
('05004', 'Kabupaten Sarolangun', '05'),
('05005', 'Kabupaten Batanghari', '05'),
('05006', 'Kabupaten Muaro Jambi', '05'),
('05007', 'Kabupaten Tanjab Barat ', '05'),
('05008', 'Kabupaten Tanjab Timur', '05'),
('05009', 'Kabupaten Tebo ', '05'),
('05010', 'Kota Jambi', '05'),
('05011', 'Kota Sungai Penuh ', '05'),
('06001', 'Kabupaten Ogan Komering Ulu', '06'),
('06002', 'Kabupaten OKU Timur', '06'),
('06003', 'Kabupaten OKU Selatan ', '06'),
('06004', 'Kabupaten Ogan Komering Ilir', '06'),
('06005', 'kabupaten Muara Enim', '06'),
('06006', 'Kabupaten Lahat', '06'),
('06007', 'Kabupaten Musi Rawas', '06'),
('06008', 'Kabupaten Musi Banyuasin', '06'),
('06009', 'Kabupaten Banyuasin', '06'),
('06010', 'Kabupaten Ogan Ilir ', '06'),
('06011', 'Kabupaten Empat Lawang', '06'),
('06012', 'Kota Palembang', '06'),
('06013', 'Kota Pagar Alam', '06'),
('06014', 'Kota Lubuk Linggau', '06'),
('06015', 'Kota Prabumulih', '06'),
('06016', 'Kabupaten Penukal Abab Lematang Ilir', '06'),
('06017', 'Kabupaten Musi Rawas Utara', '06'),
('07001', 'Kota Bengkulu', '07'),
('07002', 'Kabupaten Bengkulu Selatan', '07'),
('07003', 'Kabupaten Bengkulu Tengah', '07'),
('07004', 'Kabupaten Bengkulu Utara', '07'),
('07005', 'Kabupaten Kaur', '07'),
('07006', 'Kabupaten Kepahiang', '07'),
('07007', 'Kabupaten Lebong', '07'),
('07008', 'Kabupaten Mukomuko', '07'),
('07009', 'Kabupaten Rejang Lebong', '07'),
('07010', 'Kabupaten Seluma', '07'),
('08001', 'Kabupaten Lampung Barat ', '08'),
('08002', 'Kabupaten Tanggamus', '08'),
('08003', 'Kabupaten Lampung Selatan ', '08'),
('08004', 'Kabupaten Lampung Timur ', '08'),
('08005', 'Kabupaten Lampung Tengah', '08'),
('08006', 'Kabupaten Lampung Utara', '08'),
('08007', 'Kabupaten Way Kanan', '08'),
('08008', 'Kabupaten Tulang Bawang ', '08'),
('08009', 'Kabupaten Pesawaran', '08'),
('08010', 'Kabupaten Pringsewu ', '08'),
('08011', 'Kabupaten Mesuji', '08'),
('08012', 'Kabupaten Tulang Bawang Barat ', '08'),
('08013', 'Kabupaten Pesisir Barat', '08'),
('08014', 'Kota Bandar Lampung ', '08'),
('08015', 'Kota Metro ', '08'),
('09001', 'Kabupaten Bangka', '09'),
('09002', 'Kabupaten Bangka Barat', '09'),
('09003', 'Kabupaten Bangka Tengah', '09'),
('09004', 'Kabupaten Bangka Selatan', '09'),
('09005', 'Kabupaten Belitung', '09'),
('09006', 'Kabupaten Belitung Timur', '09'),
('09007', 'Kota Pangkalpinang', '09'),
('10001', 'Kabupaten Bintan Kepulauan', '10'),
('10002', 'Kabupaten Karimun', '10'),
('10003', 'Kabupaten Kepulauan Anambas', '10'),
('10004', 'Kabupaten Lingga', '10'),
('10005', 'Kabupaten Natuna', '10'),
('10006', 'Kota Batam', '10'),
('10007', 'Kota Tanjung Pinang', '10'),
('11001', 'Kota Administrasi Jakarta Selatan', '11'),
('11002', 'Kota Administrasi Jakarta Barat', '11'),
('11003', 'Kota Administrasi Jakarta Timur', '11'),
('11004', 'Kota Administrasi Jakarta Utara', '11'),
('11005', 'Kota Administrasi Jakarta Pusat', '11'),
('11006', 'Kabupaten Administrasi Kepulauan Seribu', '11'),
('12001', 'Kabupaten Bogor', '12'),
('12002', 'Kabupaten Sukabumi   ', '12'),
('12003', 'Kabupaten Cianjur    ', '12'),
('12004', 'Kabupaten Bandung    ', '12'),
('12005', 'Kabupaten Garut   ', '12'),
('12006', 'Kabupaten Tasikmalaya ', '12'),
('12007', 'Kabupaten Ciamis', '12'),
('12008', 'Kabupaten Kuningan', '12'),
('12009', 'Kabupaten Cirebon', '12'),
('12010', 'Kabupaten Majalengka', '12'),
('12011', 'Kabupaten Sumedang', '12'),
('12012', 'Kabupaten Indramayu    ', '12'),
('12013', 'Kabupaten Subang  ', '12'),
('12014', 'Kabupaten Purwakarta', '12'),
('12015', 'Kabupaten  Karawang', '12'),
('12016', 'Kabupaten Bekasi', '12'),
('12017', 'Kabupaten Bandung Barat ', '12'),
('12018', 'Kota Bogor', '12'),
('12019', 'Kota Sukabumi', '12'),
('12020', 'Kota Bandung', '12'),
('12021', 'Kota Cirebon', '12'),
('12022', 'Kota Bekasi', '12'),
('12023', 'Kota Depok', '12'),
('12024', 'Kota Cimahi', '12'),
('12025', 'Kota  Tasikmalaya', '12'),
('12026', 'Kota Banjar', '12'),
('12027', 'Kabupaten Pangandaran', '12'),
('13001', 'Kabupaten Cilacap', '13'),
('13002', 'Kabupaten Banyumas', '13'),
('13003', 'Kabupaten Purbalingga', '13'),
('13004', 'Kabupaten Banjarnegara', '13'),
('13005', 'Kabupaten Kebumen', '13'),
('13006', 'Kabupaten Purworejo', '13'),
('13007', 'Kabupaten Wonosobo', '13'),
('13008', 'Kabupaten Magelang', '13'),
('13009', 'Kabupaten Boyolali', '13'),
('13010', 'Kabupaten Klaten', '13'),
('13011', 'Kabupaten Sukoharjo', '13'),
('13012', 'Kabupaten Wonogiri', '13'),
('13013', 'Kabupaten Karanganyar', '13'),
('13014', 'Kabupaten Sragen', '13'),
('13015', 'Kabupaten Grobogan', '13'),
('13016', 'Kabupaten Blora', '13'),
('13017', 'Kabupaten Rembang', '13'),
('13018', 'Kabupaten Pati', '13'),
('13019', 'Kabupaten Kudus', '13'),
('13020', 'Kabupaten Jepara', '13'),
('13021', 'Kabupaten Demak', '13'),
('13022', 'Kabupaten Semarang', '13'),
('13023', 'Kabupaten Temanggung', '13'),
('13024', 'Kabupaten Kendal', '13'),
('13025', 'Kabupaten Batang', '13'),
('13026', 'Kabupaten Pekalongan', '13'),
('13027', 'Kabupaten Pemalang', '13'),
('13028', 'Kabupaten Tegal', '13'),
('13029', 'Kabupaten Brebes', '13'),
('13030', 'Kota Magelang', '13'),
('13031', 'Kota Surakarta', '13'),
('13032', 'Kota Salatiga', '13'),
('13033', 'Kota Semarang', '13'),
('13034', 'Kota Pekalongan', '13'),
('13035', 'Kota Tegal', '13'),
('14001', 'Kabupaten Serang', '14'),
('14002', 'Kabupaten Lebak', '14'),
('14003', 'Kabupaten Pandeglang', '14'),
('14004', 'Kabupaten Tangerang', '14'),
('14005', 'Kota Tangerang', '14'),
('14006', 'Kota Cilegon', '14'),
('14007', 'Kota Serang', '14'),
('14008', 'Kota Tangerang Selatan', '14'),
('15001', 'KabupatenMadiun', '15'),
('15002', 'KabupatenMagetan', '15'),
('15003', 'KabupatenPacitan', '15'),
('15004', 'KabupatenPonorogo', '15'),
('15005', 'KabupatenNgawi', '15'),
('15006', 'KabupatenTrenggalek', '15'),
('15007', 'KabupatenTulungagung', '15'),
('15008', 'KabupatenBlitar', '15'),
('15009', 'KabupatenNganjuk', '15'),
('15010', 'KabupatenBojonegoro', '15'),
('15011', 'KabupatenTuban', '15'),
('15012', 'KabupatenMojokerto', '15'),
('15013', 'KabupatenKediri', '15'),
('15014', 'KabupatenJombang', '15'),
('15015', 'KabupatenLamongan', '15'),
('15016', 'KabupatenMalang', '15'),
('15017', 'KabupatenPasuruan', '15'),
('15018', 'KabupatenProbolinggo', '15'),
('15019', 'KabupatenLumajang', '15'),
('15020', 'KabupatenJember', '15'),
('15021', 'KabupatenBondowoso', '15'),
('15022', 'KabupatenSitubondo', '15'),
('15023', 'KabupatenBanyuwangi', '15'),
('15024', 'KabupatenSidoarjo', '15'),
('15025', 'KabupatenGresik', '15'),
('15026', 'KabupatenBangkalan', '15'),
('15027', 'KabupatenSampang', '15'),
('15028', 'KabupatenPamekasan', '15'),
('15029', 'KabupatenSumenep', '15'),
('15030', 'KotaMadiun', '15'),
('15031', 'KotaBlitar', '15'),
('15032', 'KotaMojokerto', '15'),
('15033', 'KotaKediri', '15'),
('15034', 'KotaMalang', '15'),
('15035', 'KotaBatu', '15'),
('15036', 'KotaPasuruan', '15'),
('15037', 'KotaProbolinggo', '15'),
('15038', 'Kota Surabaya', '15'),
('16001', 'Kota Yogyakarta', '16'),
('16002', 'Kabupaten Bantul', '16'),
('16003', 'Kabupaten Kulon Progo', '16'),
('16004', 'Kabupaten Gunungkidul', '16'),
('16005', 'Kabupaten Sleman', '16'),
('17001', 'Kabupaten Mangunpura', '17'),
('17002', 'Kabupaten Bangli', '17'),
('17003', 'Kabupaten Buleleng', '17'),
('17004', 'Kabupaten Badung', '17'),
('17005', 'Kabupaten Gianyar', '17'),
('17006', 'Kabupaten Jembrana', '17'),
('17007', 'Kabupaten Karangasem', '17'),
('17008', 'Kabupaten Klungkung', '17'),
('17009', 'Kabupaten Tabanan', '17'),
('17010', 'Kota Denpasar', '17'),
('18001', 'Kota Mataram', '18'),
('18002', 'Kabupaten Lombok Barat', '18'),
('18003', 'Kabupaten Lombok Tengah', '18'),
('18004', 'Kabupaten Lombok Timur ', '18'),
('18005', 'Kabupaten Lombok Utara', '18'),
('18006', 'Kabupaten Sumbawa Barat', '18'),
('18007', 'Kabupaten Sumbawa', '18'),
('18008', 'Kabupaten Dompu', '18'),
('18009', 'Kabupaten Bima ', '18'),
('18010', 'Kota Bima', '18'),
('19001', 'Kabupaten Alor', '19'),
('19002', 'Kabupaten Belu', '19'),
('19003', 'Kabupaten Ende', '19'),
('19004', 'Kabupaten Flores Timur', '19'),
('19005', 'Kabupaten Kupang', '19'),
('19006', 'Kabupaten Lembata', '19'),
('19007', 'Kabupaten Malaka', '19'),
('19008', 'Kabupaten Manggarai', '19'),
('19009', 'Kabupaten Manggarai Barat', '19'),
('19010', 'Kabupaten Manggarai Timur', '19'),
('19011', 'Kabupaten Ngada', '19'),
('19012', 'Kabupaten Nagekeo', '19'),
('19013', 'Kabupaten Rote Ndao', '19'),
('19014', 'Kabupaten Sabu Raijua', '19'),
('19015', 'Kabupaten Sikka', '19'),
('19016', 'Kabupaten Sumba Barat', '19'),
('19017', 'Kabupaten Sumba Barat Daya', '19'),
('19018', 'Kabupaten Sumba Tengah', '19'),
('19019', 'Kabupaten Sumba Timur', '19'),
('19020', 'Kabupaten Timor Tengah Selatan', '19'),
('19021', 'Kabupaten Timor Tengah Utara', '19'),
('19022', 'Kota Kupang', '19'),
('20001', 'Kabupaten Bengkayang', '20'),
('20002', 'Kabupaten Kapuas Hulu', '20'),
('20003', 'Kabupaten Kayong Utara', '20'),
('20004', 'Kabupaten Ketapang', '20'),
('20005', 'Kabupaten Kubu Raya', '20'),
('20006', 'Kabupaten Landak', '20'),
('20007', 'Kabupaten Melawi', '20'),
('20008', 'Kabupaten Mempawah', '20'),
('20009', 'Kabupaten Sambas', '20'),
('20010', 'Kabupaten Sanggau', '20'),
('20011', 'Kabupaten Sekadau', '20'),
('20012', 'Kabupaten Sintang', '20'),
('20013', 'Kota Pontianak', '20'),
('20014', 'Kota Singkawang', '20'),
('21001', 'Kabupaten Barito Selatan', '21'),
('21002', 'Kabupaten Barito Timur', '21'),
('21003', 'Kabupaten Barito Utara', '21'),
('21004', 'Kabupaten Gunung Mas', '21'),
('21005', 'Kabupaten Kapuas', '21'),
('21006', 'Kabupaten Katingan', '21'),
('21007', 'Kabupaten Kotawaringin Barat', '21'),
('21008', 'Kabupaten Kotawaringin Timur', '21'),
('21009', 'Kabupaten Lamandau', '21'),
('21010', 'Kabupaten Murung Raya', '21'),
('21011', 'Kabupaten Pulang Pisau', '21'),
('21012', 'Kabupaten Sukamara', '21'),
('21013', 'Kabupaten Seruyan', '21'),
('21014', 'Kota Palangka Raya', '21'),
('22001', 'Kabupaten Balangan', '22'),
('22002', 'Kabupaten Banjar', '22'),
('22003', 'Kabupaten Barito Kuala', '22'),
('22004', 'Kabupaten Hulu Sungai Selatan', '22'),
('22005', 'Kabupaten Hulu Sungai Tengah', '22'),
('22006', 'Kabupaten Hulu Sungai Utara', '22'),
('22007', 'Kabupaten Kotabaru', '22'),
('22008', 'Kabupaten Tabalong', '22'),
('22009', 'Kabupaten Tanah Bumbu', '22'),
('22010', 'Kabupaten Tanah Laut', '22'),
('22011', 'Kabupaten Tapin', '22'),
('22012', 'Kota Banjarbaru', '22'),
('22013', 'Kota Banjarmasin', '22'),
('23001', 'Kabupaten Berau', '23'),
('23002', 'Kabupaten Kutai Barat', '23'),
('23003', 'Kabupaten Kutai Kartanegara', '23'),
('23004', 'Kabupaten Kutai Timur', '23'),
('23005', 'Kabupaten Mahakam Ulu', '23'),
('23006', 'Kabupaten Paser', '23'),
('23007', 'Kabupaten Penajam Paser Utara', '23'),
('23008', 'Kota Balikpapan', '23'),
('23009', 'Kota Bontang', '23'),
('23010', 'Kota Samarinda', '23'),
('24001', 'Kabupaten Bulungan', '24'),
('24002', 'Kabupaten Malinau', '24'),
('24003', 'Kabupaten Nunukan', '24'),
('24004', 'Kabupaten Tana Tidung', '24'),
('24005', 'Kota Tarakan', '24'),
('25001', 'Kabupaten Bolaang Mongondow', '25'),
('25002', 'Kabupaten Minahasa', '25'),
('25003', 'Kabupaten Kepulauan Sangihe', '25'),
('25004', 'Kabupaten Kepulauan Talaud', '25'),
('25005', 'Kabupaten Minahasa Selatan', '25'),
('25006', 'Kabupaten Minahasa Utara', '25'),
('25007', 'Kabupaten Minahasa Tenggara', '25'),
('25008', 'Kabupaten Bolaang Mondondow Utara', '25'),
('25009', 'Kabupaten Kepulauan Siau Tagulandang Biaro', '25'),
('25010', 'Kabupaten Bolaang Mondondow Timur', '25'),
('25011', 'Kabupaten Bolaang Mondondow Selatan', '25'),
('25012', 'Kota Manado', '25'),
('25013', 'Kota Bitung', '25'),
('25014', 'Kota Tomohon', '25'),
('25015', 'Kota Kotamobagu', '25'),
('26001', 'Kabupaten Banggai', '26'),
('26002', 'Kabupaten Poso', '26'),
('26003', 'Kabupaten Donggala', '26'),
('26004', 'Kabupaten Tolitoli', '26'),
('26005', 'Kabupaten Buol', '26'),
('26006', 'Kabupaten Morowali', '26'),
('26007', 'Kabupaten Banggai Kepulauan', '26'),
('26008', 'Kabupaten Parigi Moutong', '26'),
('26009', 'Kabupaten Tojo Una-Una', '26'),
('26010', 'Kabupaten Sigi', '26'),
('26011', 'Kabupaten Banggai Laut', '26'),
('26012', 'Kabupaten Morowali Utara', '26'),
('26013', 'Kota Palu', '26'),
('27001', 'Kabupaten Kepulauan Selayar', '27'),
('27002', 'Kabupaten Bulukumba', '27'),
('27003', 'Kabupaten Bantaeng', '27'),
('27004', 'Kabupaten Jeneponto', '27'),
('27005', 'Kabupaten Takalar', '27'),
('27006', 'Kabupaten Gowa', '27'),
('27007', 'Kabupaten Sinjai', '27'),
('27008', 'Kabupaten Bone', '27'),
('27009', 'Kabupaten Maros', '27'),
('27010', 'Kabupaten Pangkajene dan Kepulauan', '27'),
('27011', 'Kabupaten Barru', '27'),
('27012', 'Kabupaten Soppeng', '27'),
('27013', 'Kabupaten Wajo', '27'),
('27014', 'Kabupaten Sidenreng Rappang', '27'),
('27015', 'Kabupaten Pinrang', '27'),
('27016', 'Kabupaten Enrekang', '27'),
('27017', 'Kabupaten Luwu', '27'),
('27018', 'Kabupaten Tana Toraja', '27'),
('27019', 'Kabupaten Luwu Utara', '27'),
('27020', 'Kabupaten Luwu Timur', '27'),
('27021', 'Kabupaten Toraja Utara', '27'),
('27022', 'Kota Makassar', '27'),
('27023', 'Kota Parepare', '27'),
('27024', 'Kota Palopo', '27'),
('28001', 'Kabupaten Kolaka', '28'),
('28002', 'Kabupaten Konawe', '28'),
('28003', 'Kabupaten Muna', '28'),
('28004', 'Kabupaten Buton', '28'),
('28005', 'Kabupaten Konawe Selatan', '28'),
('28006', 'Kabupaten Bombana', '28'),
('28007', 'Kabupaten Wakatobi', '28'),
('28008', 'Kabupaten Kolaka Utara', '28'),
('28009', 'Kabupaten Konawe Utara', '28'),
('28010', 'Kabupaten Buton Utara', '28'),
('28011', 'Kabupaten Kolaka Timur', '28'),
('28012', 'Kabupaten Konawe Kepulauan', '28'),
('28013', 'Kabupaten Muna Barat', '28'),
('28014', 'Kabupaten Buton Tengah', '28'),
('28015', 'Kabupaten Buton Selatan', '28'),
('28016', 'Kota Kendari', '28'),
('28017', 'Kota Bau Bau', '28'),
('29001', 'Kabupaten Gorontalo', '29'),
('29002', 'Kabupaten Boalemo', '29'),
('29003', 'Kabupaten Bone Bolango', '29'),
('29004', 'Kabupaten Pohuwato', '29'),
('29005', 'Kabupaten Gorontalo Utara', '29'),
('29006', 'Kota Gorontalo', '29'),
('30001', 'Kabupaten Mamuju Utara', '30'),
('30002', 'Kabupaten Mamuju', '30'),
('30003', 'Kabupaten Mamasa', '30'),
('30004', 'Kabupaten Polewali Mandar', '30'),
('30005', 'Kabupaten Majene', '30'),
('30006', 'Kabupaten Mamuju Tengah', '30'),
('31001', 'Kabupaten Maluku Tengah', '31'),
('31002', 'Kabupaten Maluku Tenggara', '31'),
('31003', 'Kabupaten Maluku Tenggara Barat', '31'),
('31004', 'Kabupaten Buru', '31'),
('31005', 'Kabupaten Seram Bagian Timur', '31'),
('31006', 'Kabupaten Seram Bagian Barat', '31'),
('31007', 'Kabupaten Kepulauan Aru', '31'),
('31008', 'Kabupaten Maluku Barat Daya', '31'),
('31009', 'Kabupaten Buru Selatan', '31'),
('31010', 'Kota Ambon', '31'),
('31011', 'Kota Tual', '31'),
('32001', 'Kabupaten Halmahera Barat', '32'),
('32002', 'Kabupaten Halmahera Tengah', '32'),
('32003', 'Kabupaten Halmahera Utara', '32'),
('32004', 'Kabupaten Halmahera Selatan', '32'),
('32005', 'Kabupaten Kepulauan SulaSa', '32'),
('32006', 'Kabupaten Halmahera Timur', '32'),
('32007', 'Kabupaten Pulau Morotai', '32'),
('32008', 'Kabupaten Pulau Taliabu', '32'),
('32009', 'Kota Ternate', '32'),
('32010', 'Kota Tidore Kepulauan', '32'),
('33001', 'Kabupaten Merauke', '33'),
('33002', 'Kabupaten Jayawijaya', '33'),
('33003', 'Kabupaten Jayapura', '33'),
('33004', 'Kabupaten Nabire', '33'),
('33005', 'Kabupaten Kepulauan Yapen', '33'),
('33006', 'Kabupaten Biak Numfor', '33'),
('33007', 'Kabupaten Puncak Jaya', '33'),
('33008', 'Kabupaten Paniai', '33'),
('33009', 'Kabupaten Mimika', '33'),
('33010', 'Kabupaten Sarmi', '33'),
('33011', 'Kabupaten Keerom', '33'),
('33012', 'Kabupaten Pegunungan Bintang', '33'),
('33013', 'Kabupaten Yahukimo', '33'),
('33014', 'Kabupaten Tolikara', '33'),
('33015', 'Kabupaten Waropen', '33'),
('33016', 'Kabupaten Boven Digoel', '33'),
('33017', 'Kabupaten Mappi', '33'),
('33018', 'Kabupaten Asmat', '33'),
('33019', 'Kabupaten Supiori', '33'),
('33020', 'Kabupaten Mamberamo Raya', '33'),
('33021', 'Kabupaten Mamberamo Tengah', '33'),
('33022', 'Kabupaten Yalimo', '33'),
('33023', 'Kabupaten Lanny Jaya', '33'),
('33024', 'Kabupaten Nduga', '33'),
('33025', 'Kabupaten Puncak', '33'),
('33026', 'Kabupaten Dogiyai', '33'),
('33027', 'Kabupaten Intan Jaya', '33'),
('33028', 'Kabupaten Deiyai', '33'),
('33029', 'Kota Jayapura', '33'),
('34001', 'Kabupaten Fakfak', '34'),
('34002', 'Kabupaten Kaimana', '34'),
('34003', 'Kabupaten Teluk Wondama', '34'),
('34004', 'Kabupaten Teluk Bintuni', '34'),
('34005', 'Kabupaten Manokwari', '34'),
('34006', 'Kabupaten Sorong Selatan', '34'),
('34007', 'Kabupaten Sorong', '34'),
('34008', 'Kabupaten Raja Ampat', '34'),
('34009', 'Kota Sorong', '34'),
('34010', 'Kabupaten Tambrauw', '34'),
('34011', 'Kabupaten Maybrat', '34'),
('34012', 'Kabupaten Pegunungan Arfak', '34'),
('34013', 'Kabupaten Manokwari Selatan', '34');

-- --------------------------------------------------------

--
-- Table structure for table `provinsi`
--

CREATE TABLE `provinsi` (
  `idProv` varchar(2) NOT NULL,
  `namaProv` varchar(50) NOT NULL
) ENGINE=InnoDB DEFAULT CHARSET=latin1;

--
-- Dumping data for table `provinsi`
--

INSERT INTO `provinsi` (`idProv`, `namaProv`) VALUES
('01', 'Aceh'),
('02', 'Sumut'),
('03', 'Sumbar'),
('04', 'riau'),
('05', 'jambi'),
('06', 'sumsel'),
('07', 'bengkulu'),
('08', 'Lampung'),
('09', 'Kep. Babel'),
('10', 'Kepri'),
('11', 'DKI Jakarta'),
('12', 'Jabar'),
('13', 'Jateng'),
('14', 'Banten'),
('15', 'Jatim'),
('16', 'DIY'),
('17', 'BALI'),
('18', 'NTB'),
('19', 'NTT'),
('20', 'Kalbar'),
('21', 'Kalteng'),
('22', 'Kalsel'),
('23', 'kaltim'),
('24', 'kaltara'),
('25', 'sulut'),
('26', 'sulteng'),
('27', 'sulsel'),
('28', 'sultra'),
('29', 'gorontalo'),
('30', 'sulbar'),
('31', 'maluku'),
('32', 'maluku utara'),
('33', 'papua'),
('34', 'papua barat');

--
-- Indexes for dumped tables
--

--
-- Indexes for table `akun`
--
ALTER TABLE `akun`
  ADD PRIMARY KEY (`username`),
  ADD UNIQUE KEY `idKota` (`idKota`);

--
-- Indexes for table `detail_mbr`
--
ALTER TABLE `detail_mbr`
  ADD PRIMARY KEY (`idKota`);

--
-- Indexes for table `detail_non_mbr`
--
ALTER TABLE `detail_non_mbr`
  ADD PRIMARY KEY (`idKota`);

--
-- Indexes for table `kota`
--
ALTER TABLE `kota`
  ADD PRIMARY KEY (`idKota`),
  ADD KEY `idProv_kota` (`idProv_kota`);

--
-- Indexes for table `provinsi`
--
ALTER TABLE `provinsi`
  ADD PRIMARY KEY (`idProv`);

--
-- Constraints for dumped tables
--

--
-- Constraints for table `akun`
--
ALTER TABLE `akun`
  ADD CONSTRAINT `akun_ibfk_1` FOREIGN KEY (`idKota`) REFERENCES `kota` (`idKota`) ON UPDATE CASCADE;

--
-- Constraints for table `detail_mbr`
--
ALTER TABLE `detail_mbr`
  ADD CONSTRAINT `detail_mbr_ibfk_1` FOREIGN KEY (`idKota`) REFERENCES `kota` (`idKota`) ON UPDATE CASCADE;

--
-- Constraints for table `detail_non_mbr`
--
ALTER TABLE `detail_non_mbr`
  ADD CONSTRAINT `detail_non_mbr_ibfk_1` FOREIGN KEY (`idKota`) REFERENCES `kota` (`idKota`) ON UPDATE CASCADE;

--
-- Constraints for table `kota`
--
ALTER TABLE `kota`
  ADD CONSTRAINT `kota_ibfk_1` FOREIGN KEY (`idProv_kota`) REFERENCES `provinsi` (`idProv`) ON UPDATE CASCADE;

/*!40101 SET CHARACTER_SET_CLIENT=@OLD_CHARACTER_SET_CLIENT */;
/*!40101 SET CHARACTER_SET_RESULTS=@OLD_CHARACTER_SET_RESULTS */;
/*!40101 SET COLLATION_CONNECTION=@OLD_COLLATION_CONNECTION */;
